run_name,retriever_model_key,retrieval_depth,question_id,question,expected_qa_uid,relevant_qa_uids,expected_doc_uid,relevant_doc_uids,expected_focus,expected_qtype,qa_hit_at_1,qa_hit_at_3,qa_hit_at_10,qa_mrr,qa_ndcg_at_10,strict_qa_hit_at_1,strict_qa_hit_at_3,strict_qa_hit_at_10,strict_qa_mrr,doc_hit_at_1,doc_hit_at_3,doc_hit_at_10,doc_mrr,focus_hit_at_1,focus_hit_at_3,focus_hit_at_10,focus_mrr,num_relevant_qa_uids,num_retrieved
rag_hybrid_k10,hybrid,10,eval_0001,How to prevent Diabetic Kidney Disease ?,5_NIDDK_QA::0000033::0000033-9,5_NIDDK_QA::0000033::0000033-9,5_NIDDK_QA::0000033::0000033,5_NIDDK_QA::0000033::0000033,Diabetic Kidney Disease,prevention,1,1,1,1.0,1.0,1,1,1,1.0,1,1,1,1.0,1,1,1,1.0,1,10
rag_hybrid_k10,hybrid,10,eval_0002,What are the complications of Kidney Dysplasia ?,5_NIDDK_QA::0000154::0000154-7,5_NIDDK_QA::0000154::0000154-7,5_NIDDK_QA::0000154::0000154,5_NIDDK_QA::0000154::0000154,Kidney Dysplasia,complications,1,1,1,1.0,1.0,1,1,1,1.0,1,1,1,1.0,1,1,1,1.0,1,10
rag_hybrid_k10,hybrid,10,eval_0003,What is (are) Rheumatoid Arthritis ?,7_SeniorHealth_QA::0000061::0000061-7,3_GHR_QA::0000875::0000875-1|4_MPlus_Health_Topics_QA::0000782::0000782-1|7_SeniorHealth_QA::0000061::0000061-1|7_SeniorHealth_QA::0000061::0000061-15|7_SeniorHealth_QA::0000061::0000061-7,7_SeniorHealth_QA::0000061::0000061,3_GHR_QA::0000875::0000875|4_MPlus_Health_Topics_QA::0000782::0000782|7_SeniorHealth_QA::0000061::0000061,Rheumatoid Arthritis,information,1,1,1,1.0,0.8539316501572937,1,1,1,1.0,1,1,1,1.0,1,1,1,1.0,5,10
rag_hybrid_k10,hybrid,10,eval_0004,Is Familial isolated hyperparathyroidism inherited ?,2_GARD_QA::0002274::0002274-3,2_GARD_QA::0002274::0002274-3|3_GHR_QA::0000357::0000357-4,2_GARD_QA::0002274::0002274,2_GARD_QA::0002274::0002274|3_GHR_QA::0000357::0000357,Familial isolated hyperparathyroidism,inheritance,1,1,1,1.0,1.0,1,1,1,1.0,1,1,1,1.0,1,1,1,1.0,2,10
rag_hybrid_k10,hybrid,10,eval_0005,What are the genetic changes related to giant congenital melanocytic nevus ?,3_GHR_QA::0000406::0000406-3,3_GHR_QA::0000406::0000406-3,3_GHR_QA::0000406::0000406,3_GHR_QA::0000406::0000406,giant congenital melanocytic nevus,genetic changes,1,1,1,1.0,1.0,1,1,1,1.0,1,1,1,1.0,1,1,1,1.0,1,10
rag_hybrid_k10,hybrid,10,eval_0006,Is diastrophic dysplasia inherited ?,3_GHR_QA::0000284::0000284-4,3_GHR_QA::0000284::0000284-4,3_GHR_QA::0000284::0000284,3_GHR_QA::0000284::0000284,diastrophic dysplasia,inheritance,1,1,1,1.0,1.0,1,1,1,1.0,1,1,1,1.0,1,1,1,1.0,1,10
rag_hybrid_k10,hybrid,10,eval_0007,Is glucose phosphate isomerase deficiency inherited ?,3_GHR_QA::0000412::0000412-4,3_GHR_QA::0000412::0000412-4,3_GHR_QA::0000412::0000412,3_GHR_QA::0000412::0000412,glucose phosphate isomerase deficiency,inheritance,1,1,1,1.0,1.0,1,1,1,1.0,1,1,1,1.0,1,1,1,1.0,1,10
rag_hybrid_k10,hybrid,10,eval_0008,What causes Chromosome 4q deletion ?,2_GARD_QA::0001282::0001282-3,2_GARD_QA::0001282::0001282-3,2_GARD_QA::0001282::0001282,2_GARD_QA::0001282::0001282,Chromosome 4q deletion,causes,1,1,1,1.0,1.0,1,1,1,1.0,1,1,1,1.0,1,1,1,1.0,1,10
rag_hybrid_k10,hybrid,10,eval_0009,What is (are) X-linked lymphoproliferative disease ?,3_GHR_QA::0001059::0001059-1,3_GHR_QA::0001059::0001059-1,3_GHR_QA::0001059::0001059,3_GHR_QA::0001059::0001059,X-linked lymphoproliferative disease,information,0,0,1,0.25,0.43067655807339306,0,0,1,0.25,1,1,1,1.0,1,1,1,1.0,1,10
rag_hybrid_k10,hybrid,10,eval_0010,How to prevent Lung Cancer ?,1_CancerGov_QA::0000032_3::0000032_3-2,1_CancerGov_QA::0000032_3::0000032_3-2,1_CancerGov_QA::0000032_3::0000032_3,1_CancerGov_QA::0000032_3::0000032_3,Lung Cancer,prevention,0,1,1,0.5,0.6309297535714575,0,1,1,0.5,0,1,1,0.5,0,1,1,0.5,1,10
rag_hybrid_k10,hybrid,10,eval_0011,What is (are) Medicare and Continuing Care ?,7_SeniorHealth_QA::0000045::0000045-8,7_SeniorHealth_QA::0000045::0000045-10|7_SeniorHealth_QA::0000045::0000045-11|7_SeniorHealth_QA::0000045::0000045-12|7_SeniorHealth_QA::0000045::0000045-13|7_SeniorHealth_QA::0000045::0000045-14|7_SeniorHealth_QA::0000045::0000045-16|7_SeniorHealth_QA::0000045::0000045-18|7_SeniorHealth_QA::0000045::0000045-20|7_SeniorHealth_QA::0000045::0000045-22|7_SeniorHealth_QA::0000045::0000045-24|7_SeniorHealth_QA::0000045::0000045-28|7_SeniorHealth_QA::0000045::0000045-7|7_SeniorHealth_QA::0000045::0000045-8|7_SeniorHealth_QA::0000045::0000045-9,7_SeniorHealth_QA::0000045::0000045,7_SeniorHealth_QA::0000045::0000045,Medicare and Continuing Care,information,1,1,1,1.0,1.0,0,0,1,0.2,1,1,1,1.0,1,1,1,1.0,14,10
rag_hybrid_k10,hybrid,10,eval_0012,What is (are) COG5-congenital disorder of glycosylation ?,3_GHR_QA::0000197::0000197-1,3_GHR_QA::0000197::0000197-1,3_GHR_QA::0000197::0000197,3_GHR_QA::0000197::0000197,COG5-congenital disorder of glycosylation,information,1,1,1,1.0,1.0,1,1,1,1.0,1,1,1,1.0,1,1,1,1.0,1,10
rag_hybrid_k10,hybrid,10,eval_0013,What are the symptoms of Congenital myasthenic syndrome with episodic apnea ?,2_GARD_QA::0001542::0001542-1,2_GARD_QA::0001542::0001542-1,2_GARD_QA::0001542::0001542,2_GARD_QA::0001542::0001542,Congenital myasthenic syndrome with episodic apnea,symptoms,0,1,1,0.5,0.6309297535714575,0,1,1,0.5,0,1,1,0.5,0,1,1,0.5,1,10
rag_hybrid_k10,hybrid,10,eval_0014,What are the treatments for Immunodeficiency with hyper IgM type 1 ?,2_GARD_QA::0003162::0003162-4,2_GARD_QA::0003162::0003162-4,2_GARD_QA::0003162::0003162,2_GARD_QA::0003162::0003162,Immunodeficiency with hyper IgM type 1,treatment,1,1,1,1.0,1.0,1,1,1,1.0,1,1,1,1.0,1,1,1,1.0,1,10
rag_hybrid_k10,hybrid,10,eval_0015,How many people are affected by mucopolysaccharidosis type VI ?,3_GHR_QA::0000682::0000682-2,3_GHR_QA::0000682::0000682-2,3_GHR_QA::0000682::0000682,3_GHR_QA::0000682::0000682,mucopolysaccharidosis type VI,frequency,1,1,1,1.0,1.0,1,1,1,1.0,1,1,1,1.0,1,1,1,1.0,1,10
rag_hybrid_k10,hybrid,10,eval_0016,What to do for Perineal Injury in Males ?,5_NIDDK_QA::0000206::0000206-11,5_NIDDK_QA::0000206::0000206-10|5_NIDDK_QA::0000206::0000206-11,5_NIDDK_QA::0000206::0000206,5_NIDDK_QA::0000206::0000206,Perineal Injury in Males,considerations,1,1,1,1.0,1.0,0,1,1,0.5,1,1,1,1.0,1,1,1,1.0,2,10
rag_hybrid_k10,hybrid,10,eval_0017,What are the genetic changes related to sialuria ?,3_GHR_QA::0000909::0000909-3,3_GHR_QA::0000909::0000909-3,3_GHR_QA::0000909::0000909,3_GHR_QA::0000909::0000909,sialuria,genetic changes,1,1,1,1.0,1.0,1,1,1,1.0,1,1,1,1.0,1,1,1,1.0,1,10
rag_hybrid_k10,hybrid,10,eval_0018,what research (or clinical trials) is being done for Oropharyngeal Cancer ?,1_CancerGov_QA::0000024_6::0000024_6-8,1_CancerGov_QA::0000024_6::0000024_6-8,1_CancerGov_QA::0000024_6::0000024_6,1_CancerGov_QA::0000024_6::0000024_6,Oropharyngeal Cancer,research,1,1,1,1.0,1.0,1,1,1,1.0,1,1,1,1.0,1,1,1,1.0,1,10
rag_hybrid_k10,hybrid,10,eval_0019,What is (are) Pallister-Killian mosaic syndrome ?,2_GARD_QA::0004688::0004688-1,2_GARD_QA::0004688::0004688-1|3_GHR_QA::0000768::0000768-1,2_GARD_QA::0004688::0004688,2_GARD_QA::0004688::0004688|3_GHR_QA::0000768::0000768,Pallister-Killian mosaic syndrome,information,1,1,1,1.0,1.0,1,1,1,1.0,1,1,1,1.0,1,1,1,1.0,2,10
rag_hybrid_k10,hybrid,10,eval_0020,What are the treatments for Mucopolysaccharidosis type I ?,2_GARD_QA::0004155::0004155-5,2_GARD_QA::0004155::0004155-5|3_GHR_QA::0000678::0000678-5,2_GARD_QA::0004155::0004155,2_GARD_QA::0004155::0004155|3_GHR_QA::0000678::0000678,Mucopolysaccharidosis type I,treatment,1,1,1,1.0,1.0,1,1,1,1.0,1,1,1,1.0,1,1,1,1.0,2,10
rag_hybrid_k10,hybrid,10,eval_0021,what research (or clinical trials) is being done for Prostate Cancer ?,1_CancerGov_QA::0000036_1::0000036_1-7,1_CancerGov_QA::0000036_1::0000036_1-7|1_CancerGov_QA::0000036_2::0000036_2-5|7_SeniorHealth_QA::0000058::0000058-7,1_CancerGov_QA::0000036_1::0000036_1,1_CancerGov_QA::0000036_1::0000036_1|1_CancerGov_QA::0000036_2::0000036_2|7_SeniorHealth_QA::0000058::0000058,Prostate Cancer,research,1,1,1,1.0,1.0,0,1,1,0.5,1,1,1,1.0,1,1,1,1.0,3,10
rag_hybrid_k10,hybrid,10,eval_0022,What are the symptoms of Heart Palpitations ?,8_NHLBI_QA_XML::0000063::0000063-4,8_NHLBI_QA_XML::0000063::0000063-4,8_NHLBI_QA_XML::0000063::0000063,8_NHLBI_QA_XML::0000063::0000063,Heart Palpitations,symptoms,1,1,1,1.0,1.0,1,1,1,1.0,1,1,1,1.0,1,1,1,1.0,1,10
rag_hybrid_k10,hybrid,10,eval_0023,What are the treatments for Aicardi syndrome ?,3_GHR_QA::0000028::0000028-5,3_GHR_QA::0000028::0000028-5|6_NINDS_QA::0000011::0000011-2,3_GHR_QA::0000028::0000028,3_GHR_QA::0000028::0000028|6_NINDS_QA::0000011::0000011,Aicardi syndrome,treatment,1,1,1,1.0,0.9197207891481876,0,1,1,0.3333333333333333,1,1,1,1.0,1,1,1,1.0,2,10
rag_hybrid_k10,hybrid,10,eval_0024,Do you have information about Fires,4_MPlus_Health_Topics_QA::0000365::0000365-1,4_MPlus_Health_Topics_QA::0000365::0000365-1,4_MPlus_Health_Topics_QA::0000365::0000365,4_MPlus_Health_Topics_QA::0000365::0000365,Fires,information,1,1,1,1.0,1.0,1,1,1,1.0,1,1,1,1.0,1,1,1,1.0,1,10
rag_hybrid_k10,hybrid,10,eval_0025,What are the treatments for Juvenile amyotrophic lateral sclerosis ?,2_GARD_QA::0003319::0003319-4,2_GARD_QA::0003319::0003319-4,2_GARD_QA::0003319::0003319,2_GARD_QA::0003319::0003319,Juvenile amyotrophic lateral sclerosis,treatment,1,1,1,1.0,1.0,1,1,1,1.0,1,1,1,1.0,1,1,1,1.0,1,10
rag_hybrid_k10,hybrid,10,eval_0026,What causes Congenital adrenal hyperplasia ?,2_GARD_QA::0001472::0001472-3,2_GARD_QA::0001472::0001472-3,2_GARD_QA::0001472::0001472,2_GARD_QA::0001472::0001472,Congenital adrenal hyperplasia,causes,1,1,1,1.0,1.0,1,1,1,1.0,1,1,1,1.0,1,1,1,1.0,1,10
rag_hybrid_k10,hybrid,10,eval_0027,What to do for Gastroparesis ?,5_NIDDK_QA::0000107::0000107-6,5_NIDDK_QA::0000107::0000107-6|5_NIDDK_QA::0000107::0000107-9,5_NIDDK_QA::0000107::0000107,5_NIDDK_QA::0000107::0000107,Gastroparesis,considerations,1,1,1,1.0,1.0,0,1,1,0.5,1,1,1,1.0,1,1,1,1.0,2,10
rag_hybrid_k10,hybrid,10,eval_0028,Who is at risk for ARDS? ?,8_NHLBI_QA_XML::0000007::0000007-4,8_NHLBI_QA_XML::0000007::0000007-4,8_NHLBI_QA_XML::0000007::0000007,8_NHLBI_QA_XML::0000007::0000007,ARDS,susceptibility,1,1,1,1.0,1.0,1,1,1,1.0,1,1,1,1.0,1,1,1,1.0,1,10
rag_hybrid_k10,hybrid,10,eval_0029,What is (are) deafness-dystonia-optic neuronopathy syndrome ?,3_GHR_QA::0000274::0000274-1,3_GHR_QA::0000274::0000274-1,3_GHR_QA::0000274::0000274,3_GHR_QA::0000274::0000274,deafness-dystonia-optic neuronopathy syndrome,information,1,1,1,1.0,1.0,1,1,1,1.0,1,1,1,1.0,1,1,1,1.0,1,10
rag_hybrid_k10,hybrid,10,eval_0030,What is (are) benign chronic pemphigus ?,3_GHR_QA::0000115::0000115-1,3_GHR_QA::0000115::0000115-1,3_GHR_QA::0000115::0000115,3_GHR_QA::0000115::0000115,benign chronic pemphigus,information,1,1,1,1.0,1.0,1,1,1,1.0,1,1,1,1.0,1,1,1,1.0,1,10
rag_hybrid_k10,hybrid,10,eval_0031,What is (are) Hashimoto's syndrome ?,2_GARD_QA::0002736::0002736-1,2_GARD_QA::0002736::0002736-1,2_GARD_QA::0002736::0002736,2_GARD_QA::0002736::0002736,Hashimoto's syndrome,information,1,1,1,1.0,1.0,1,1,1,1.0,1,1,1,1.0,1,1,1,1.0,1,10
rag_hybrid_k10,hybrid,10,eval_0032,What are the symptoms of Charcot-Marie-Tooth disease type 2D ?,2_GARD_QA::0001102::0001102-1,2_GARD_QA::0001102::0001102-1,2_GARD_QA::0001102::0001102,2_GARD_QA::0001102::0001102,Charcot-Marie-Tooth disease type 2D,symptoms,1,1,1,1.0,1.0,1,1,1,1.0,1,1,1,1.0,1,1,1,1.0,1,10
rag_hybrid_k10,hybrid,10,eval_0033,What are the symptoms of NADH cytochrome B5 reductase deficiency ?,2_GARD_QA::0004302::0004302-1,2_GARD_QA::0004302::0004302-1,2_GARD_QA::0004302::0004302,2_GARD_QA::0004302::0004302,NADH cytochrome B5 reductase deficiency,symptoms,1,1,1,1.0,1.0,1,1,1,1.0,1,1,1,1.0,1,1,1,1.0,1,10
rag_hybrid_k10,hybrid,10,eval_0034,What are the treatments for Dementia ?,6_NINDS_QA::0000098::0000098-2,6_NINDS_QA::0000098::0000098-2,6_NINDS_QA::0000098::0000098,6_NINDS_QA::0000098::0000098,Dementia,treatment,1,1,1,1.0,1.0,1,1,1,1.0,1,1,1,1.0,1,1,1,1.0,1,10
rag_hybrid_k10,hybrid,10,eval_0035,"What are the symptoms of Ichthyosiform erythroderma, corneal involvement, deafness ?",2_GARD_QA::0003105::0003105-1,2_GARD_QA::0003105::0003105-1,2_GARD_QA::0003105::0003105,2_GARD_QA::0003105::0003105,"Ichthyosiform erythroderma, corneal involvement, deafness",symptoms,1,1,1,1.0,1.0,1,1,1,1.0,1,1,1,1.0,1,1,1,1.0,1,10
rag_hybrid_k10,hybrid,10,eval_0036,What are the treatments for Frontal fibrosing alopecia ?,2_GARD_QA::0002442::0002442-6,2_GARD_QA::0002442::0002442-6,2_GARD_QA::0002442::0002442,2_GARD_QA::0002442::0002442,Frontal fibrosing alopecia,treatment,1,1,1,1.0,1.0,1,1,1,1.0,1,1,1,1.0,1,1,1,1.0,1,10
rag_hybrid_k10,hybrid,10,eval_0037,Do you have information about Calcium,4_MPlus_Health_Topics_QA::0000139::0000139-1,4_MPlus_Health_Topics_QA::0000139::0000139-1,4_MPlus_Health_Topics_QA::0000139::0000139,4_MPlus_Health_Topics_QA::0000139::0000139,Calcium,information,1,1,1,1.0,1.0,1,1,1,1.0,1,1,1,1.0,1,1,1,1.0,1,10
rag_hybrid_k10,hybrid,10,eval_0038,Do you have information about Smokeless Tobacco,4_MPlus_Health_Topics_QA::0000827::0000827-1,4_MPlus_Health_Topics_QA::0000827::0000827-1,4_MPlus_Health_Topics_QA::0000827::0000827,4_MPlus_Health_Topics_QA::0000827::0000827,Smokeless Tobacco,information,1,1,1,1.0,1.0,1,1,1,1.0,1,1,1,1.0,1,1,1,1.0,1,10
rag_hybrid_k10,hybrid,10,eval_0039,What is the outlook for Tropical Spastic Paraparesis ?,6_NINDS_QA::0000151::0000151-3,6_NINDS_QA::0000151::0000151-3,6_NINDS_QA::0000151::0000151,6_NINDS_QA::0000151::0000151,Tropical Spastic Paraparesis,outlook,1,1,1,1.0,1.0,1,1,1,1.0,1,1,1,1.0,1,1,1,1.0,1,10
rag_hybrid_k10,hybrid,10,eval_0040,What is (are) Parasites - Angiostrongyliasis (also known as Angiostrongylus Infection) ?,9_CDC_QA::0000015::0000015-2,9_CDC_QA::0000015::0000015-2,9_CDC_QA::0000015::0000015,9_CDC_QA::0000015::0000015,Parasites - Angiostrongyliasis (also known as Angiostrongylus Infection),information,1,1,1,1.0,1.0,1,1,1,1.0,1,1,1,1.0,1,1,1,1.0,1,10
rag_hybrid_k10,hybrid,10,eval_0041,What are the treatments for cystic fibrosis ?,3_GHR_QA::0000262::0000262-5,3_GHR_QA::0000262::0000262-5|8_NHLBI_QA_XML::0000049::0000049-7,3_GHR_QA::0000262::0000262,3_GHR_QA::0000262::0000262|8_NHLBI_QA_XML::0000049::0000049,cystic fibrosis,treatment,1,1,1,1.0,1.0,0,1,1,0.5,1,1,1,1.0,1,1,1,1.0,2,10
rag_hybrid_k10,hybrid,10,eval_0042,What are the treatments for Leukoplakia ?,2_GARD_QA::0003580::0003580-3,2_GARD_QA::0003580::0003580-3,2_GARD_QA::0003580::0003580,2_GARD_QA::0003580::0003580,Leukoplakia,treatment,1,1,1,1.0,1.0,1,1,1,1.0,1,1,1,1.0,1,1,1,1.0,1,10
rag_hybrid_k10,hybrid,10,eval_0043,What causes Best vitelliform macular dystrophy ?,2_GARD_QA::0000700::0000700-3,2_GARD_QA::0000700::0000700-3,2_GARD_QA::0000700::0000700,2_GARD_QA::0000700::0000700,Best vitelliform macular dystrophy,causes,1,1,1,1.0,1.0,1,1,1,1.0,1,1,1,1.0,1,1,1,1.0,1,10
rag_hybrid_k10,hybrid,10,eval_0044,What are the symptoms of Biotin-thiamine-responsive basal ganglia disease ?,2_GARD_QA::0000736::0000736-2,2_GARD_QA::0000736::0000736-2,2_GARD_QA::0000736::0000736,2_GARD_QA::0000736::0000736,Biotin-thiamine-responsive basal ganglia disease,symptoms,0,1,1,0.3333333333333333,0.5,0,1,1,0.3333333333333333,1,1,1,1.0,1,1,1,1.0,1,10
rag_hybrid_k10,hybrid,10,eval_0045,How many people are affected by X-linked thrombocytopenia ?,3_GHR_QA::0001065::0001065-2,3_GHR_QA::0001065::0001065-2,3_GHR_QA::0001065::0001065,3_GHR_QA::0001065::0001065,X-linked thrombocytopenia,frequency,1,1,1,1.0,1.0,1,1,1,1.0,1,1,1,1.0,1,1,1,1.0,1,10
rag_hybrid_k10,hybrid,10,eval_0046,What is the outlook for Diabetic Neuropathy ?,6_NINDS_QA::0000106::0000106-3,6_NINDS_QA::0000106::0000106-3,6_NINDS_QA::0000106::0000106,6_NINDS_QA::0000106::0000106,Diabetic Neuropathy,outlook,1,1,1,1.0,1.0,1,1,1,1.0,1,1,1,1.0,1,1,1,1.0,1,10
rag_hybrid_k10,hybrid,10,eval_0047,What are the genetic changes related to multiple sulfatase deficiency ?,3_GHR_QA::0000695::0000695-3,3_GHR_QA::0000695::0000695-3,3_GHR_QA::0000695::0000695,3_GHR_QA::0000695::0000695,multiple sulfatase deficiency,genetic changes,1,1,1,1.0,1.0,1,1,1,1.0,1,1,1,1.0,1,1,1,1.0,1,10
rag_hybrid_k10,hybrid,10,eval_0048,What are the symptoms of Erythroderma lethal congenital ?,2_GARD_QA::0002160::0002160-1,2_GARD_QA::0002160::0002160-1,2_GARD_QA::0002160::0002160,2_GARD_QA::0002160::0002160,Erythroderma lethal congenital,symptoms,1,1,1,1.0,1.0,1,1,1,1.0,1,1,1,1.0,1,1,1,1.0,1,10
rag_hybrid_k10,hybrid,10,eval_0049,What is the outlook for Lesch-Nyhan Syndrome ?,6_NINDS_QA::0000180::0000180-3,6_NINDS_QA::0000180::0000180-3,6_NINDS_QA::0000180::0000180,6_NINDS_QA::0000180::0000180,Lesch-Nyhan Syndrome,outlook,1,1,1,1.0,1.0,1,1,1,1.0,1,1,1,1.0,1,1,1,1.0,1,10
rag_hybrid_k10,hybrid,10,eval_0050,Is multiple system atrophy inherited ?,3_GHR_QA::0000696::0000696-4,3_GHR_QA::0000696::0000696-4,3_GHR_QA::0000696::0000696,3_GHR_QA::0000696::0000696,multiple system atrophy,inheritance,1,1,1,1.0,1.0,1,1,1,1.0,1,1,1,1.0,1,1,1,1.0,1,10
rag_hybrid_k10,hybrid,10,eval_0051,What are the symptoms of Aneurysm ?,8_NHLBI_QA_XML::0000003::0000003-6,8_NHLBI_QA_XML::0000003::0000003-6,8_NHLBI_QA_XML::0000003::0000003,8_NHLBI_QA_XML::0000003::0000003,Aneurysm,symptoms,1,1,1,1.0,1.0,1,1,1,1.0,1,1,1,1.0,1,1,1,1.0,1,10
rag_hybrid_k10,hybrid,10,eval_0052,What are the symptoms of Fetal akinesia syndrome X-linked ?,2_GARD_QA::0002334::0002334-1,2_GARD_QA::0002334::0002334-1,2_GARD_QA::0002334::0002334,2_GARD_QA::0002334::0002334,Fetal akinesia syndrome X-linked,symptoms,1,1,1,1.0,1.0,1,1,1,1.0,1,1,1,1.0,1,1,1,1.0,1,10
rag_hybrid_k10,hybrid,10,eval_0053,What are the treatments for Tay-Sachs disease ?,2_GARD_QA::0006017::0006017-5,2_GARD_QA::0006017::0006017-5|3_GHR_QA::0000972::0000972-5|6_NINDS_QA::0000265::0000265-2,2_GARD_QA::0006017::0006017,2_GARD_QA::0006017::0006017|3_GHR_QA::0000972::0000972|6_NINDS_QA::0000265::0000265,Tay-Sachs disease,treatment,1,1,1,1.0,1.0,0,1,1,0.5,1,1,1,1.0,1,1,1,1.0,3,10
rag_hybrid_k10,hybrid,10,eval_0054,What is (are) nephrogenic diabetes insipidus ?,3_GHR_QA::0000719::0000719-1,2_GARD_QA::0004342::0004342-1|3_GHR_QA::0000719::0000719-1,3_GHR_QA::0000719::0000719,2_GARD_QA::0004342::0004342|3_GHR_QA::0000719::0000719,nephrogenic diabetes insipidus,information,1,1,1,1.0,0.8772153153380493,0,0,1,0.25,1,1,1,1.0,1,1,1,1.0,2,10
rag_hybrid_k10,hybrid,10,eval_0055,What is (are) Thyroid Diseases ?,4_MPlus_Health_Topics_QA::0000892::0000892-1,4_MPlus_Health_Topics_QA::0000892::0000892-1,4_MPlus_Health_Topics_QA::0000892::0000892,4_MPlus_Health_Topics_QA::0000892::0000892,Thyroid Diseases,information,1,1,1,1.0,1.0,1,1,1,1.0,1,1,1,1.0,1,1,1,1.0,1,10
rag_hybrid_k10,hybrid,10,eval_0056,What is (are) Parasites - Cyclosporiasis (Cyclospora Infection) ?,9_CDC_QA::0000120::0000120-1,9_CDC_QA::0000120::0000120-1,9_CDC_QA::0000120::0000120,9_CDC_QA::0000120::0000120,Parasites - Cyclosporiasis (Cyclospora Infection),information,1,1,1,1.0,1.0,1,1,1,1.0,1,1,1,1.0,1,1,1,1.0,1,10
rag_hybrid_k10,hybrid,10,eval_0057,Is leukoencephalopathy with brainstem and spinal cord involvement and lactate elevation inherited ?,3_GHR_QA::0000597::0000597-4,3_GHR_QA::0000597::0000597-4,3_GHR_QA::0000597::0000597,3_GHR_QA::0000597::0000597,leukoencephalopathy with brainstem and spinal cord involvement and lactate elevation,inheritance,1,1,1,1.0,1.0,1,1,1,1.0,1,1,1,1.0,1,1,1,1.0,1,10
rag_hybrid_k10,hybrid,10,eval_0058,What is (are) Congenital pulmonary alveolar proteinosis ?,2_GARD_QA::0001551::0001551-1,2_GARD_QA::0001551::0001551-1,2_GARD_QA::0001551::0001551,2_GARD_QA::0001551::0001551,Congenital pulmonary alveolar proteinosis,information,1,1,1,1.0,1.0,1,1,1,1.0,1,1,1,1.0,1,1,1,1.0,1,10
rag_hybrid_k10,hybrid,10,eval_0059,What is (are) Smoking ?,4_MPlus_Health_Topics_QA::0000828::0000828-1,4_MPlus_Health_Topics_QA::0000828::0000828-1,4_MPlus_Health_Topics_QA::0000828::0000828,4_MPlus_Health_Topics_QA::0000828::0000828,Smoking,information,1,1,1,1.0,1.0,1,1,1,1.0,1,1,1,1.0,1,1,1,1.0,1,10
rag_hybrid_k10,hybrid,10,eval_0060,How to diagnose Parathyroid Cancer ?,1_CancerGov_QA::0000033_1::0000033_1-4,1_CancerGov_QA::0000033_1::0000033_1-4,1_CancerGov_QA::0000033_1::0000033_1,1_CancerGov_QA::0000033_1::0000033_1,Parathyroid Cancer,exams and tests,1,1,1,1.0,1.0,1,1,1,1.0,1,1,1,1.0,1,1,1,1.0,1,10
rag_hybrid_k10,hybrid,10,eval_0061,How to prevent Heart Palpitations ?,8_NHLBI_QA_XML::0000063::0000063-7,8_NHLBI_QA_XML::0000063::0000063-7,8_NHLBI_QA_XML::0000063::0000063,8_NHLBI_QA_XML::0000063::0000063,Heart Palpitations,prevention,1,1,1,1.0,1.0,1,1,1,1.0,1,1,1,1.0,1,1,1,1.0,1,10
rag_hybrid_k10,hybrid,10,eval_0062,What is (are) Dravet Syndrome ?,6_NINDS_QA::0000108::0000108-1,2_GARD_QA::0001924::0001924-1|6_NINDS_QA::0000108::0000108-1,6_NINDS_QA::0000108::0000108,2_GARD_QA::0001924::0001924|6_NINDS_QA::0000108::0000108,Dravet Syndrome,information,1,1,1,1.0,1.0,1,1,1,1.0,1,1,1,1.0,1,1,1,1.0,2,10
rag_hybrid_k10,hybrid,10,eval_0063,What is (are) Hereditary sensory and autonomic neuropathy type V ?,2_GARD_QA::0002852::0002852-1,2_GARD_QA::0002852::0002852-1|3_GHR_QA::0000474::0000474-1,2_GARD_QA::0002852::0002852,2_GARD_QA::0002852::0002852|3_GHR_QA::0000474::0000474,Hereditary sensory and autonomic neuropathy type V,information,1,1,1,1.0,1.0,0,1,1,0.5,1,1,1,1.0,1,1,1,1.0,2,10
rag_hybrid_k10,hybrid,10,eval_0064,What causes Angina ?,8_NHLBI_QA_XML::0000004::0000004-3,8_NHLBI_QA_XML::0000004::0000004-3,8_NHLBI_QA_XML::0000004::0000004,8_NHLBI_QA_XML::0000004::0000004,Angina,causes,1,1,1,1.0,1.0,1,1,1,1.0,1,1,1,1.0,1,1,1,1.0,1,10
rag_hybrid_k10,hybrid,10,eval_0065,What are the treatments for GM3 synthase deficiency ?,3_GHR_QA::0000431::0000431-5,3_GHR_QA::0000431::0000431-5,3_GHR_QA::0000431::0000431,3_GHR_QA::0000431::0000431,GM3 synthase deficiency,treatment,1,1,1,1.0,1.0,1,1,1,1.0,1,1,1,1.0,1,1,1,1.0,1,10
rag_hybrid_k10,hybrid,10,eval_0066,What is (are) 15q11.2 microdeletion ?,2_GARD_QA::0006554::0006554-1,2_GARD_QA::0006554::0006554-1,2_GARD_QA::0006554::0006554,2_GARD_QA::0006554::0006554,15q11.2 microdeletion,information,1,1,1,1.0,1.0,1,1,1,1.0,1,1,1,1.0,1,1,1,1.0,1,10
rag_hybrid_k10,hybrid,10,eval_0067,What is (are) Spondyloepiphyseal dysplasia congenita ?,2_GARD_QA::0005840::0005840-1,2_GARD_QA::0005840::0005840-1|3_GHR_QA::0000947::0000947-1,2_GARD_QA::0005840::0005840,2_GARD_QA::0005840::0005840|3_GHR_QA::0000947::0000947,Spondyloepiphyseal dysplasia congenita,information,1,1,1,1.0,0.8503449055347546,1,1,1,1.0,1,1,1,1.0,1,1,1,1.0,2,10
rag_hybrid_k10,hybrid,10,eval_0068,What are the treatments for Hearing Loss ?,7_SeniorHealth_QA::0000032::0000032-4,7_SeniorHealth_QA::0000032::0000032-22|7_SeniorHealth_QA::0000032::0000032-4,7_SeniorHealth_QA::0000032::0000032,7_SeniorHealth_QA::0000032::0000032,Hearing Loss,treatment,1,1,1,1.0,1.0,0,1,1,0.5,1,1,1,1.0,1,1,1,1.0,2,10
rag_hybrid_k10,hybrid,10,eval_0069,What is (are) Abdominal Adhesions ?,5_NIDDK_QA::0000083::0000083-2,5_NIDDK_QA::0000083::0000083-1|5_NIDDK_QA::0000083::0000083-2,5_NIDDK_QA::0000083::0000083,5_NIDDK_QA::0000083::0000083,Abdominal Adhesions,information,1,1,1,1.0,1.0,0,1,1,0.5,1,1,1,1.0,1,1,1,1.0,2,10
rag_hybrid_k10,hybrid,10,eval_0070,What are the genetic changes related to anencephaly ?,3_GHR_QA::0000057::0000057-3,3_GHR_QA::0000057::0000057-3,3_GHR_QA::0000057::0000057,3_GHR_QA::0000057::0000057,anencephaly,genetic changes,1,1,1,1.0,1.0,1,1,1,1.0,1,1,1,1.0,1,1,1,1.0,1,10
rag_hybrid_k10,hybrid,10,eval_0071,How to diagnose Loin pain hematuria syndrome ?,2_GARD_QA::0003662::0003662-4,2_GARD_QA::0003662::0003662-4,2_GARD_QA::0003662::0003662,2_GARD_QA::0003662::0003662,Loin pain hematuria syndrome,exams and tests,1,1,1,1.0,1.0,1,1,1,1.0,1,1,1,1.0,1,1,1,1.0,1,10
rag_hybrid_k10,hybrid,10,eval_0072,How many people are affected by early-onset primary dystonia ?,3_GHR_QA::0000312::0000312-2,3_GHR_QA::0000312::0000312-2,3_GHR_QA::0000312::0000312,3_GHR_QA::0000312::0000312,early-onset primary dystonia,frequency,1,1,1,1.0,1.0,1,1,1,1.0,1,1,1,1.0,1,1,1,1.0,1,10
rag_hybrid_k10,hybrid,10,eval_0073,Is Gordon syndrome inherited ?,2_GARD_QA::0002652::0002652-3,2_GARD_QA::0002652::0002652-3,2_GARD_QA::0002652::0002652,2_GARD_QA::0002652::0002652,Gordon syndrome,inheritance,1,1,1,1.0,1.0,1,1,1,1.0,1,1,1,1.0,1,1,1,1.0,1,10
rag_hybrid_k10,hybrid,10,eval_0074,What are the stages of Childhood Acute Myeloid Leukemia and Other Myeloid Malignancies ?,1_CancerGov_QA::0000001_7::0000001_7-6,1_CancerGov_QA::0000001_7::0000001_7-6,1_CancerGov_QA::0000001_7::0000001_7,1_CancerGov_QA::0000001_7::0000001_7,Childhood Acute Myeloid Leukemia and Other Myeloid Malignancies,stages,1,1,1,1.0,1.0,1,1,1,1.0,1,1,1,1.0,1,1,1,1.0,1,10
rag_hybrid_k10,hybrid,10,eval_0075,What are the genetic changes related to nonsyndromic aplasia cutis congenita ?,3_GHR_QA::0000734::0000734-3,3_GHR_QA::0000734::0000734-3,3_GHR_QA::0000734::0000734,3_GHR_QA::0000734::0000734,nonsyndromic aplasia cutis congenita,genetic changes,1,1,1,1.0,1.0,1,1,1,1.0,1,1,1,1.0,1,1,1,1.0,1,10
rag_hybrid_k10,hybrid,10,eval_0076,How many people are affected by lattice corneal dystrophy type I ?,3_GHR_QA::0000585::0000585-2,3_GHR_QA::0000585::0000585-2,3_GHR_QA::0000585::0000585,3_GHR_QA::0000585::0000585,lattice corneal dystrophy type I,frequency,1,1,1,1.0,1.0,1,1,1,1.0,1,1,1,1.0,1,1,1,1.0,1,10
rag_hybrid_k10,hybrid,10,eval_0077,What are the symptoms of Familial prostate cancer ?,2_GARD_QA::0002295::0002295-2,2_GARD_QA::0002295::0002295-2,2_GARD_QA::0002295::0002295,2_GARD_QA::0002295::0002295,Familial prostate cancer,symptoms,1,1,1,1.0,1.0,1,1,1,1.0,1,1,1,1.0,1,1,1,1.0,1,10
rag_hybrid_k10,hybrid,10,eval_0078,What is (are) Lennox-Gastaut Syndrome ?,6_NINDS_QA::0000179::0000179-1,2_GARD_QA::0003541::0003541-1|3_GHR_QA::0000592::0000592-1|6_NINDS_QA::0000179::0000179-1,6_NINDS_QA::0000179::0000179,2_GARD_QA::0003541::0003541|3_GHR_QA::0000592::0000592|6_NINDS_QA::0000179::0000179,Lennox-Gastaut Syndrome,information,1,1,1,1.0,1.0,0,1,1,0.5,1,1,1,1.0,1,1,1,1.0,3,10
rag_hybrid_k10,hybrid,10,eval_0079,What is (are) Pervasive Developmental Disorders ?,6_NINDS_QA::0000231::0000231-1,6_NINDS_QA::0000231::0000231-1,6_NINDS_QA::0000231::0000231,6_NINDS_QA::0000231::0000231,Pervasive Developmental Disorders,information,1,1,1,1.0,1.0,1,1,1,1.0,1,1,1,1.0,1,1,1,1.0,1,10
rag_hybrid_k10,hybrid,10,eval_0080,What is (are) Depression ?,4_MPlus_Health_Topics_QA::0000264::0000264-1,4_MPlus_Health_Topics_QA::0000264::0000264-1|7_SeniorHealth_QA::0000014::0000014-1|7_SeniorHealth_QA::0000014::0000014-10|7_SeniorHealth_QA::0000014::0000014-12,4_MPlus_Health_Topics_QA::0000264::0000264,4_MPlus_Health_Topics_QA::0000264::0000264|7_SeniorHealth_QA::0000014::0000014,Depression,information,1,1,1,1.0,1.0,0,1,1,0.5,1,1,1,1.0,1,1,1,1.0,4,10
rag_hybrid_k10,hybrid,10,eval_0081,What is (are) Klebsiella infection ?,2_GARD_QA::0003396::0003396-1,2_GARD_QA::0003396::0003396-1,2_GARD_QA::0003396::0003396,2_GARD_QA::0003396::0003396,Klebsiella infection,information,1,1,1,1.0,1.0,1,1,1,1.0,1,1,1,1.0,1,1,1,1.0,1,10
rag_hybrid_k10,hybrid,10,eval_0082,How many people are affected by Urinary Tract Infection In Adults ?,5_NIDDK_QA::0000214::0000214-4,5_NIDDK_QA::0000214::0000214-4,5_NIDDK_QA::0000214::0000214,5_NIDDK_QA::0000214::0000214,Urinary Tract Infection In Adults,frequency,1,1,1,1.0,1.0,1,1,1,1.0,1,1,1,1.0,1,1,1,1.0,1,10
rag_hybrid_k10,hybrid,10,eval_0083,What is (are) abetalipoproteinemia ?,3_GHR_QA::0000003::0000003-1,2_GARD_QA::0000011::0000011-1|3_GHR_QA::0000003::0000003-1,3_GHR_QA::0000003::0000003,2_GARD_QA::0000011::0000011|3_GHR_QA::0000003::0000003,abetalipoproteinemia,information,1,1,1,1.0,0.8772153153380493,0,0,1,0.25,1,1,1,1.0,1,1,1,1.0,2,10
rag_hybrid_k10,hybrid,10,eval_0084,What are the treatments for What I need to know about Diarrhea ?,5_NIDDK_QA::0000127::0000127-7,5_NIDDK_QA::0000127::0000127-7,5_NIDDK_QA::0000127::0000127,5_NIDDK_QA::0000127::0000127,What I need to know about Diarrhea,treatment,1,1,1,1.0,1.0,1,1,1,1.0,1,1,1,1.0,1,1,1,1.0,1,10
rag_hybrid_k10,hybrid,10,eval_0085,What are the symptoms of Autoimmune atrophic gastritis ?,2_GARD_QA::0000530::0000530-2,2_GARD_QA::0000530::0000530-2,2_GARD_QA::0000530::0000530,2_GARD_QA::0000530::0000530,Autoimmune atrophic gastritis,symptoms,1,1,1,1.0,1.0,1,1,1,1.0,1,1,1,1.0,1,1,1,1.0,1,10
rag_hybrid_k10,hybrid,10,eval_0086,What are the symptoms of Athabaskan brainstem dysgenesis ?,2_GARD_QA::0000501::0000501-1,2_GARD_QA::0000501::0000501-1,2_GARD_QA::0000501::0000501,2_GARD_QA::0000501::0000501,Athabaskan brainstem dysgenesis,symptoms,1,1,1,1.0,1.0,1,1,1,1.0,1,1,1,1.0,1,1,1,1.0,1,10
rag_hybrid_k10,hybrid,10,eval_0087,How to diagnose Alzheimer's Disease ?,7_SeniorHealth_QA::0000004::0000004-20,7_SeniorHealth_QA::0000004::0000004-20|7_SeniorHealth_QA::0000004::0000004-21|7_SeniorHealth_QA::0000004::0000004-22,7_SeniorHealth_QA::0000004::0000004,7_SeniorHealth_QA::0000004::0000004,Alzheimer's Disease,exams and tests,1,1,1,1.0,0.9674679834891693,1,1,1,1.0,1,1,1,1.0,1,1,1,1.0,3,10
rag_hybrid_k10,hybrid,10,eval_0088,Is familial hemiplegic migraine inherited ?,3_GHR_QA::0000351::0000351-4,3_GHR_QA::0000351::0000351-4,3_GHR_QA::0000351::0000351,3_GHR_QA::0000351::0000351,familial hemiplegic migraine,inheritance,1,1,1,1.0,1.0,1,1,1,1.0,1,1,1,1.0,1,1,1,1.0,1,10
rag_hybrid_k10,hybrid,10,eval_0089,What are the symptoms of Cone dystrophy ?,2_GARD_QA::0001459::0001459-2,2_GARD_QA::0001459::0001459-2,2_GARD_QA::0001459::0001459,2_GARD_QA::0001459::0001459,Cone dystrophy,symptoms,0,1,1,0.3333333333333333,0.5,0,1,1,0.3333333333333333,1,1,1,1.0,1,1,1,1.0,1,10
rag_hybrid_k10,hybrid,10,eval_0090,What are the treatments for Gorlin syndrome ?,3_GHR_QA::0000433::0000433-5,3_GHR_QA::0000433::0000433-5,3_GHR_QA::0000433::0000433,3_GHR_QA::0000433::0000433,Gorlin syndrome,treatment,1,1,1,1.0,1.0,1,1,1,1.0,1,1,1,1.0,1,1,1,1.0,1,10
rag_hybrid_k10,hybrid,10,eval_0091,what research (or clinical trials) is being done for Skin Cancer ?,7_SeniorHealth_QA::0000063::0000063-8,1_CancerGov_QA::0000028_1::0000028_1-7|1_CancerGov_QA::0000028_4::0000028_4-4|7_SeniorHealth_QA::0000063::0000063-30|7_SeniorHealth_QA::0000063::0000063-8,7_SeniorHealth_QA::0000063::0000063,1_CancerGov_QA::0000028_1::0000028_1|1_CancerGov_QA::0000028_4::0000028_4|7_SeniorHealth_QA::0000063::0000063,Skin Cancer,research,1,1,1,1.0,1.0,0,0,1,0.25,1,1,1,1.0,1,1,1,1.0,4,10
rag_hybrid_k10,hybrid,10,eval_0092,what research (or clinical trials) is being done for Iniencephaly ?,6_NINDS_QA::0000164::0000164-4,6_NINDS_QA::0000164::0000164-4,6_NINDS_QA::0000164::0000164,6_NINDS_QA::0000164::0000164,Iniencephaly,research,1,1,1,1.0,1.0,1,1,1,1.0,1,1,1,1.0,1,1,1,1.0,1,10
rag_hybrid_k10,hybrid,10,eval_0093,What is (are) Bedbugs ?,4_MPlus_Health_Topics_QA::0000083::0000083-1,4_MPlus_Health_Topics_QA::0000083::0000083-1,4_MPlus_Health_Topics_QA::0000083::0000083,4_MPlus_Health_Topics_QA::0000083::0000083,Bedbugs,information,1,1,1,1.0,1.0,1,1,1,1.0,1,1,1,1.0,1,1,1,1.0,1,10
rag_hybrid_k10,hybrid,10,eval_0094,What are the symptoms of Marfanoid hypermobility syndrome ?,2_GARD_QA::0003802::0003802-1,2_GARD_QA::0003802::0003802-1,2_GARD_QA::0003802::0003802,2_GARD_QA::0003802::0003802,Marfanoid hypermobility syndrome,symptoms,1,1,1,1.0,1.0,1,1,1,1.0,1,1,1,1.0,1,1,1,1.0,1,10
rag_hybrid_k10,hybrid,10,eval_0095,What are the genetic changes related to hereditary sensory neuropathy type IA ?,3_GHR_QA::0000475::0000475-3,3_GHR_QA::0000475::0000475-3,3_GHR_QA::0000475::0000475,3_GHR_QA::0000475::0000475,hereditary sensory neuropathy type IA,genetic changes,1,1,1,1.0,1.0,1,1,1,1.0,1,1,1,1.0,1,1,1,1.0,1,10
rag_hybrid_k10,hybrid,10,eval_0096,What is (are) Heart Failure ?,7_SeniorHealth_QA::0000034::0000034-1,4_MPlus_Health_Topics_QA::0000446::0000446-1|7_SeniorHealth_QA::0000034::0000034-1|7_SeniorHealth_QA::0000034::0000034-11|7_SeniorHealth_QA::0000034::0000034-17|7_SeniorHealth_QA::0000034::0000034-24|8_NHLBI_QA_XML::0000061::0000061-1,7_SeniorHealth_QA::0000034::0000034,4_MPlus_Health_Topics_QA::0000446::0000446|7_SeniorHealth_QA::0000034::0000034|8_NHLBI_QA_XML::0000061::0000061,Heart Failure,information,1,1,1,1.0,0.8829374068620365,0,0,1,0.25,1,1,1,1.0,1,1,1,1.0,6,10
rag_hybrid_k10,hybrid,10,eval_0097,What is (are) fragile X-associated primary ovarian insufficiency ?,3_GHR_QA::0000382::0000382-1,3_GHR_QA::0000382::0000382-1,3_GHR_QA::0000382::0000382,3_GHR_QA::0000382::0000382,fragile X-associated primary ovarian insufficiency,information,0,1,1,0.3333333333333333,0.5,0,1,1,0.3333333333333333,1,1,1,1.0,1,1,1,1.0,1,10
rag_hybrid_k10,hybrid,10,eval_0098,What are the symptoms of Birdshot chorioretinopathy ?,2_GARD_QA::0000738::0000738-2,2_GARD_QA::0000738::0000738-2,2_GARD_QA::0000738::0000738,2_GARD_QA::0000738::0000738,Birdshot chorioretinopathy,symptoms,0,1,1,0.5,0.6309297535714575,0,1,1,0.5,1,1,1,1.0,1,1,1,1.0,1,10
rag_hybrid_k10,hybrid,10,eval_0099,What are the symptoms of Warm antibody hemolytic anemia ?,2_GARD_QA::0006400::0006400-2,2_GARD_QA::0006400::0006400-2,2_GARD_QA::0006400::0006400,2_GARD_QA::0006400::0006400,Warm antibody hemolytic anemia,symptoms,0,1,1,0.5,0.6309297535714575,0,1,1,0.5,1,1,1,1.0,1,1,1,1.0,1,10
rag_hybrid_k10,hybrid,10,eval_0100,What is (are) Glutamate formiminotransferase deficiency ?,2_GARD_QA::0002601::0002601-1,2_GARD_QA::0002601::0002601-1|3_GHR_QA::0000416::0000416-1,2_GARD_QA::0002601::0002601,2_GARD_QA::0002601::0002601|3_GHR_QA::0000416::0000416,Glutamate formiminotransferase deficiency,information,1,1,1,1.0,1.0,1,1,1,1.0,1,1,1,1.0,1,1,1,1.0,2,10
rag_hybrid_k10,hybrid,10,eval_0101,What is the outlook for Intraocular (Uveal) Melanoma ?,1_CancerGov_QA::0000017_1::0000017_1-5,1_CancerGov_QA::0000017_1::0000017_1-5,1_CancerGov_QA::0000017_1::0000017_1,1_CancerGov_QA::0000017_1::0000017_1,Intraocular (Uveal) Melanoma,outlook,1,1,1,1.0,1.0,1,1,1,1.0,1,1,1,1.0,1,1,1,1.0,1,10
rag_hybrid_k10,hybrid,10,eval_0102,What is (are) Rett Syndrome ?,6_NINDS_QA::0000247::0000247-1,2_GARD_QA::0005347::0005347-1|3_GHR_QA::0000874::0000874-1|4_MPlus_Health_Topics_QA::0000779::0000779-1|6_NINDS_QA::0000247::0000247-1,6_NINDS_QA::0000247::0000247,2_GARD_QA::0005347::0005347|3_GHR_QA::0000874::0000874|4_MPlus_Health_Topics_QA::0000779::0000779|6_NINDS_QA::0000247::0000247,Rett Syndrome,information,1,1,1,1.0,1.0,1,1,1,1.0,1,1,1,1.0,1,1,1,1.0,4,10
rag_hybrid_k10,hybrid,10,eval_0103,How many people are affected by lactose intolerance ?,3_GHR_QA::0000573::0000573-2,3_GHR_QA::0000573::0000573-2,3_GHR_QA::0000573::0000573,3_GHR_QA::0000573::0000573,lactose intolerance,frequency,1,1,1,1.0,1.0,1,1,1,1.0,1,1,1,1.0,1,1,1,1.0,1,10
rag_hybrid_k10,hybrid,10,eval_0104,What are the symptoms of Oculomaxillofacial dysostosis ?,2_GARD_QA::0004511::0004511-1,2_GARD_QA::0004511::0004511-1,2_GARD_QA::0004511::0004511,2_GARD_QA::0004511::0004511,Oculomaxillofacial dysostosis,symptoms,1,1,1,1.0,1.0,1,1,1,1.0,1,1,1,1.0,1,1,1,1.0,1,10
rag_hybrid_k10,hybrid,10,eval_0105,What are the genetic changes related to familial cold autoinflammatory syndrome ?,3_GHR_QA::0000342::0000342-3,3_GHR_QA::0000342::0000342-3,3_GHR_QA::0000342::0000342,3_GHR_QA::0000342::0000342,familial cold autoinflammatory syndrome,genetic changes,1,1,1,1.0,1.0,1,1,1,1.0,1,1,1,1.0,1,1,1,1.0,1,10
rag_hybrid_k10,hybrid,10,eval_0106,What is (are) GLUT1 deficiency syndrome ?,3_GHR_QA::0000415::0000415-1,3_GHR_QA::0000415::0000415-1,3_GHR_QA::0000415::0000415,3_GHR_QA::0000415::0000415,GLUT1 deficiency syndrome,information,0,0,1,0.2,0.38685280723454163,0,0,1,0.2,1,1,1,1.0,1,1,1,1.0,1,10
rag_hybrid_k10,hybrid,10,eval_0107,What are the symptoms of Thoraco abdominal enteric duplication ?,2_GARD_QA::0006070::0006070-1,2_GARD_QA::0006070::0006070-1,2_GARD_QA::0006070::0006070,2_GARD_QA::0006070::0006070,Thoraco abdominal enteric duplication,symptoms,1,1,1,1.0,1.0,1,1,1,1.0,1,1,1,1.0,1,1,1,1.0,1,10
rag_hybrid_k10,hybrid,10,eval_0108,What is (are) Legionnaires' Disease ?,4_MPlus_Health_Topics_QA::0000552::0000552-1,4_MPlus_Health_Topics_QA::0000552::0000552-1,4_MPlus_Health_Topics_QA::0000552::0000552,4_MPlus_Health_Topics_QA::0000552::0000552,Legionnaires' Disease,information,1,1,1,1.0,1.0,1,1,1,1.0,1,1,1,1.0,1,1,1,1.0,1,10
rag_hybrid_k10,hybrid,10,eval_0109,what research (or clinical trials) is being done for Diabetic Retinopathy ?,7_SeniorHealth_QA::0000016::0000016-21,7_SeniorHealth_QA::0000016::0000016-21,7_SeniorHealth_QA::0000016::0000016,7_SeniorHealth_QA::0000016::0000016,Diabetic Retinopathy,research,1,1,1,1.0,1.0,1,1,1,1.0,1,1,1,1.0,1,1,1,1.0,1,10
rag_hybrid_k10,hybrid,10,eval_0110,What is (are) Adult Primary Liver Cancer ?,1_CancerGov_QA::0000007_1::0000007_1-1,1_CancerGov_QA::0000007_1::0000007_1-1,1_CancerGov_QA::0000007_1::0000007_1,1_CancerGov_QA::0000007_1::0000007_1,Adult Primary Liver Cancer,information,1,1,1,1.0,1.0,1,1,1,1.0,1,1,1,1.0,1,1,1,1.0,1,10
rag_hybrid_k10,hybrid,10,eval_0111,What is (are) Brain Aneurysm ?,4_MPlus_Health_Topics_QA::0000124::0000124-1,4_MPlus_Health_Topics_QA::0000124::0000124-1,4_MPlus_Health_Topics_QA::0000124::0000124,4_MPlus_Health_Topics_QA::0000124::0000124,Brain Aneurysm,information,1,1,1,1.0,1.0,1,1,1,1.0,1,1,1,1.0,1,1,1,1.0,1,10
rag_hybrid_k10,hybrid,10,eval_0112,What are the treatments for Frontotemporal Dementia ?,6_NINDS_QA::0000100::0000100-2,6_NINDS_QA::0000100::0000100-2,6_NINDS_QA::0000100::0000100,6_NINDS_QA::0000100::0000100,Frontotemporal Dementia,treatment,1,1,1,1.0,1.0,1,1,1,1.0,1,1,1,1.0,1,1,1,1.0,1,10
rag_hybrid_k10,hybrid,10,eval_0113,What is (are) Anencephaly ?,2_GARD_QA::0000341::0000341-1,2_GARD_QA::0000341::0000341-1|3_GHR_QA::0000057::0000057-1|6_NINDS_QA::0000019::0000019-1,2_GARD_QA::0000341::0000341,2_GARD_QA::0000341::0000341|3_GHR_QA::0000057::0000057|6_NINDS_QA::0000019::0000019,Anencephaly,information,1,1,1,1.0,1.0,1,1,1,1.0,1,1,1,1.0,1,1,1,1.0,3,10
rag_hybrid_k10,hybrid,10,eval_0114,What are the symptoms of Joubert syndrome 2 ?,2_GARD_QA::0003309::0003309-1,2_GARD_QA::0003309::0003309-1,2_GARD_QA::0003309::0003309,2_GARD_QA::0003309::0003309,Joubert syndrome 2,symptoms,1,1,1,1.0,1.0,1,1,1,1.0,1,1,1,1.0,1,1,1,1.0,1,10
rag_hybrid_k10,hybrid,10,eval_0115,What is (are) Cerebellar Hypoplasia ?,6_NINDS_QA::0000067::0000067-1,6_NINDS_QA::0000067::0000067-1,6_NINDS_QA::0000067::0000067,6_NINDS_QA::0000067::0000067,Cerebellar Hypoplasia,information,1,1,1,1.0,1.0,1,1,1,1.0,1,1,1,1.0,1,1,1,1.0,1,10
rag_hybrid_k10,hybrid,10,eval_0116,Is Cold agglutinin disease inherited ?,2_GARD_QA::0001415::0001415-4,2_GARD_QA::0001415::0001415-4,2_GARD_QA::0001415::0001415,2_GARD_QA::0001415::0001415,Cold agglutinin disease,inheritance,1,1,1,1.0,1.0,1,1,1,1.0,1,1,1,1.0,1,1,1,1.0,1,10
rag_hybrid_k10,hybrid,10,eval_0117,What is (are) Frontonasal dysplasia ?,2_GARD_QA::0002446::0002446-1,2_GARD_QA::0002446::0002446-1|3_GHR_QA::0000390::0000390-1,2_GARD_QA::0002446::0002446,2_GARD_QA::0002446::0002446|3_GHR_QA::0000390::0000390,Frontonasal dysplasia,information,1,1,1,1.0,1.0,1,1,1,1.0,1,1,1,1.0,1,1,1,1.0,2,10
rag_hybrid_k10,hybrid,10,eval_0118,Is COL4A1-related brain small-vessel disease inherited ?,3_GHR_QA::0000199::0000199-4,3_GHR_QA::0000199::0000199-4,3_GHR_QA::0000199::0000199,3_GHR_QA::0000199::0000199,COL4A1-related brain small-vessel disease,inheritance,1,1,1,1.0,1.0,1,1,1,1.0,1,1,1,1.0,1,1,1,1.0,1,10
rag_hybrid_k10,hybrid,10,eval_0119,What causes Polycystic Kidney Disease ?,5_NIDDK_QA::0000167::0000167-2,5_NIDDK_QA::0000167::0000167-2,5_NIDDK_QA::0000167::0000167,5_NIDDK_QA::0000167::0000167,Polycystic Kidney Disease,causes,1,1,1,1.0,1.0,1,1,1,1.0,1,1,1,1.0,1,1,1,1.0,1,10
rag_hybrid_k10,hybrid,10,eval_0120,Is X-linked dystonia-parkinsonism inherited ?,3_GHR_QA::0001051::0001051-4,3_GHR_QA::0001051::0001051-4,3_GHR_QA::0001051::0001051,3_GHR_QA::0001051::0001051,X-linked dystonia-parkinsonism,inheritance,1,1,1,1.0,1.0,1,1,1,1.0,1,1,1,1.0,1,1,1,1.0,1,10
rag_hybrid_k10,hybrid,10,eval_0121,What are the symptoms of Troyer syndrome ?,2_GARD_QA::0006224::0006224-2,2_GARD_QA::0006224::0006224-2,2_GARD_QA::0006224::0006224,2_GARD_QA::0006224::0006224,Troyer syndrome,symptoms,0,1,1,0.3333333333333333,0.5,0,1,1,0.3333333333333333,0,1,1,0.5,1,1,1,1.0,1,10
rag_hybrid_k10,hybrid,10,eval_0122,What are the treatments for Noonan syndrome 1 ?,2_GARD_QA::0004451::0004451-3,2_GARD_QA::0004451::0004451-3,2_GARD_QA::0004451::0004451,2_GARD_QA::0004451::0004451,Noonan syndrome 1,treatment,1,1,1,1.0,1.0,1,1,1,1.0,1,1,1,1.0,1,1,1,1.0,1,10
rag_hybrid_k10,hybrid,10,eval_0123,What is (are) Familial hemiplegic migraine ?,2_GARD_QA::0002254::0002254-1,2_GARD_QA::0002254::0002254-1|3_GHR_QA::0000351::0000351-1,2_GARD_QA::0002254::0002254,2_GARD_QA::0002254::0002254|3_GHR_QA::0000351::0000351,Familial hemiplegic migraine,information,1,1,1,1.0,1.0,0,1,1,0.5,1,1,1,1.0,1,1,1,1.0,2,10
rag_hybrid_k10,hybrid,10,eval_0124,What are the symptoms of Goodpasture Syndrome ?,5_NIDDK_QA::0000145::0000145-3,5_NIDDK_QA::0000145::0000145-3,5_NIDDK_QA::0000145::0000145,5_NIDDK_QA::0000145::0000145,Goodpasture Syndrome,symptoms,1,1,1,1.0,1.0,1,1,1,1.0,1,1,1,1.0,1,1,1,1.0,1,10
rag_hybrid_k10,hybrid,10,eval_0125,What are the symptoms of Multisystemic smooth muscle dysfunction syndrome ?,2_GARD_QA::0004212::0004212-2,2_GARD_QA::0004212::0004212-2,2_GARD_QA::0004212::0004212,2_GARD_QA::0004212::0004212,Multisystemic smooth muscle dysfunction syndrome,symptoms,0,1,1,0.5,0.6309297535714575,0,1,1,0.5,1,1,1,1.0,1,1,1,1.0,1,10
rag_hybrid_k10,hybrid,10,eval_0126,What are the treatments for hereditary myopathy with early respiratory failure ?,3_GHR_QA::0000467::0000467-5,3_GHR_QA::0000467::0000467-5,3_GHR_QA::0000467::0000467,3_GHR_QA::0000467::0000467,hereditary myopathy with early respiratory failure,treatment,1,1,1,1.0,1.0,1,1,1,1.0,1,1,1,1.0,1,1,1,1.0,1,10
rag_hybrid_k10,hybrid,10,eval_0127,What are the genetic changes related to Brugada syndrome ?,3_GHR_QA::0000140::0000140-3,3_GHR_QA::0000140::0000140-3,3_GHR_QA::0000140::0000140,3_GHR_QA::0000140::0000140,Brugada syndrome,genetic changes,1,1,1,1.0,1.0,1,1,1,1.0,1,1,1,1.0,1,1,1,1.0,1,10
rag_hybrid_k10,hybrid,10,eval_0128,"What is (are) Parasites - Lice - Pubic ""Crab"" Lice ?",9_CDC_QA::0000339::0000339-1,9_CDC_QA::0000339::0000339-1,9_CDC_QA::0000339::0000339,9_CDC_QA::0000339::0000339,"Parasites - Lice - Pubic ""Crab"" Lice",information,1,1,1,1.0,1.0,1,1,1,1.0,1,1,1,1.0,1,1,1,1.0,1,10
rag_hybrid_k10,hybrid,10,eval_0129,What are the symptoms of Aniridia ?,2_GARD_QA::0000362::0000362-2,2_GARD_QA::0000362::0000362-2,2_GARD_QA::0000362::0000362,2_GARD_QA::0000362::0000362,Aniridia,symptoms,0,1,1,0.5,0.6309297535714575,0,1,1,0.5,0,1,1,0.5,1,1,1,1.0,1,10
rag_hybrid_k10,hybrid,10,eval_0130,What are the symptoms of Hemifacial microsomia ?,2_GARD_QA::0002760::0002760-2,2_GARD_QA::0002760::0002760-2,2_GARD_QA::0002760::0002760,2_GARD_QA::0002760::0002760,Hemifacial microsomia,symptoms,1,1,1,1.0,1.0,1,1,1,1.0,1,1,1,1.0,1,1,1,1.0,1,10
rag_hybrid_k10,hybrid,10,eval_0131,Do you have information about Farm Health and Safety,4_MPlus_Health_Topics_QA::0000354::0000354-1,4_MPlus_Health_Topics_QA::0000354::0000354-1,4_MPlus_Health_Topics_QA::0000354::0000354,4_MPlus_Health_Topics_QA::0000354::0000354,Farm Health and Safety,information,1,1,1,1.0,1.0,1,1,1,1.0,1,1,1,1.0,1,1,1,1.0,1,10
rag_hybrid_k10,hybrid,10,eval_0132,What is (are) Legius syndrome ?,3_GHR_QA::0000590::0000590-1,3_GHR_QA::0000590::0000590-1,3_GHR_QA::0000590::0000590,3_GHR_QA::0000590::0000590,Legius syndrome,information,1,1,1,1.0,1.0,1,1,1,1.0,1,1,1,1.0,1,1,1,1.0,1,10
rag_hybrid_k10,hybrid,10,eval_0133,What is (are) Diabetic Retinopathy ?,7_SeniorHealth_QA::0000016::0000016-1,7_SeniorHealth_QA::0000016::0000016-1|7_SeniorHealth_QA::0000016::0000016-13|7_SeniorHealth_QA::0000016::0000016-17|7_SeniorHealth_QA::0000016::0000016-26|7_SeniorHealth_QA::0000016::0000016-6|7_SeniorHealth_QA::0000016::0000016-7,7_SeniorHealth_QA::0000016::0000016,7_SeniorHealth_QA::0000016::0000016,Diabetic Retinopathy,information,1,1,1,1.0,1.0,0,0,1,0.25,1,1,1,1.0,1,1,1,1.0,6,10
rag_hybrid_k10,hybrid,10,eval_0134,Do you have information about Ozone,4_MPlus_Health_Topics_QA::0000677::0000677-1,4_MPlus_Health_Topics_QA::0000677::0000677-1,4_MPlus_Health_Topics_QA::0000677::0000677,4_MPlus_Health_Topics_QA::0000677::0000677,Ozone,information,1,1,1,1.0,1.0,1,1,1,1.0,1,1,1,1.0,1,1,1,1.0,1,10
rag_hybrid_k10,hybrid,10,eval_0135,What is (are) Nance-Horan syndrome ?,2_GARD_QA::0004310::0004310-1,2_GARD_QA::0004310::0004310-1,2_GARD_QA::0004310::0004310,2_GARD_QA::0004310::0004310,Nance-Horan syndrome,information,1,1,1,1.0,1.0,1,1,1,1.0,1,1,1,1.0,1,1,1,1.0,1,10
rag_hybrid_k10,hybrid,10,eval_0136,What are the treatments for Postural orthostatic tachycardia syndrome ?,2_GARD_QA::0005004::0005004-6,2_GARD_QA::0005004::0005004-6,2_GARD_QA::0005004::0005004,2_GARD_QA::0005004::0005004,Postural orthostatic tachycardia syndrome,treatment,0,1,1,0.5,0.6309297535714575,0,1,1,0.5,0,1,1,0.5,0,1,1,0.5,1,10
rag_hybrid_k10,hybrid,10,eval_0137,How many people are affected by Bart-Pumphrey syndrome ?,3_GHR_QA::0000109::0000109-2,3_GHR_QA::0000109::0000109-2,3_GHR_QA::0000109::0000109,3_GHR_QA::0000109::0000109,Bart-Pumphrey syndrome,frequency,0,1,1,0.5,0.6309297535714575,0,1,1,0.5,0,1,1,0.5,0,1,1,0.5,1,10
rag_hybrid_k10,hybrid,10,eval_0138,What are the genetic changes related to osteoporosis-pseudoglioma syndrome ?,3_GHR_QA::0000760::0000760-3,3_GHR_QA::0000760::0000760-3,3_GHR_QA::0000760::0000760,3_GHR_QA::0000760::0000760,osteoporosis-pseudoglioma syndrome,genetic changes,1,1,1,1.0,1.0,1,1,1,1.0,1,1,1,1.0,1,1,1,1.0,1,10
rag_hybrid_k10,hybrid,10,eval_0139,Is 22q13.3 deletion syndrome inherited ?,3_GHR_QA::0001086::0001086-4,3_GHR_QA::0001086::0001086-4,3_GHR_QA::0001086::0001086,3_GHR_QA::0001086::0001086,22q13.3 deletion syndrome,inheritance,1,1,1,1.0,1.0,1,1,1,1.0,1,1,1,1.0,1,1,1,1.0,1,10
rag_hybrid_k10,hybrid,10,eval_0140,What are the treatments for Progressive Supranuclear Palsy ?,6_NINDS_QA::0000242::0000242-2,3_GHR_QA::0000832::0000832-5|6_NINDS_QA::0000242::0000242-2,6_NINDS_QA::0000242::0000242,3_GHR_QA::0000832::0000832|6_NINDS_QA::0000242::0000242,Progressive Supranuclear Palsy,treatment,1,1,1,1.0,1.0,1,1,1,1.0,1,1,1,1.0,1,1,1,1.0,2,10
rag_hybrid_k10,hybrid,10,eval_0141,How many people are affected by Sotos syndrome ?,3_GHR_QA::0000923::0000923-2,3_GHR_QA::0000923::0000923-2,3_GHR_QA::0000923::0000923,3_GHR_QA::0000923::0000923,Sotos syndrome,frequency,1,1,1,1.0,1.0,1,1,1,1.0,1,1,1,1.0,1,1,1,1.0,1,10
rag_hybrid_k10,hybrid,10,eval_0142,Is Neutral lipid storage disease with myopathy inherited ?,2_GARD_QA::0004401::0004401-4,2_GARD_QA::0004401::0004401-4|3_GHR_QA::0000729::0000729-4,2_GARD_QA::0004401::0004401,2_GARD_QA::0004401::0004401|3_GHR_QA::0000729::0000729,Neutral lipid storage disease with myopathy,inheritance,1,1,1,1.0,1.0,1,1,1,1.0,1,1,1,1.0,1,1,1,1.0,2,10
rag_hybrid_k10,hybrid,10,eval_0143,Is Costeff syndrome inherited ?,3_GHR_QA::0000244::0000244-4,3_GHR_QA::0000244::0000244-4,3_GHR_QA::0000244::0000244,3_GHR_QA::0000244::0000244,Costeff syndrome,inheritance,1,1,1,1.0,1.0,1,1,1,1.0,1,1,1,1.0,1,1,1,1.0,1,10
rag_hybrid_k10,hybrid,10,eval_0144,What are the symptoms of Lymphomatoid papulosis ?,2_GARD_QA::0003715::0003715-2,2_GARD_QA::0003715::0003715-2,2_GARD_QA::0003715::0003715,2_GARD_QA::0003715::0003715,Lymphomatoid papulosis,symptoms,1,1,1,1.0,1.0,1,1,1,1.0,1,1,1,1.0,1,1,1,1.0,1,10
rag_hybrid_k10,hybrid,10,eval_0145,What is (are) Mitochondrial genetic disorders ?,2_GARD_QA::0004086::0004086-1,2_GARD_QA::0004086::0004086-1,2_GARD_QA::0004086::0004086,2_GARD_QA::0004086::0004086,Mitochondrial genetic disorders,information,1,1,1,1.0,1.0,1,1,1,1.0,1,1,1,1.0,1,1,1,1.0,1,10
rag_hybrid_k10,hybrid,10,eval_0146,What causes Pontocerebellar hypoplasia type 1 ?,2_GARD_QA::0004971::0004971-3,2_GARD_QA::0004971::0004971-3,2_GARD_QA::0004971::0004971,2_GARD_QA::0004971::0004971,Pontocerebellar hypoplasia type 1,causes,1,1,1,1.0,1.0,1,1,1,1.0,1,1,1,1.0,1,1,1,1.0,1,10
rag_hybrid_k10,hybrid,10,eval_0147,how is rabies diagnosed?,9_CDC_QA::0000342::0000342-6,9_CDC_QA::0000342::0000342-6,9_CDC_QA::0000342::0000342,9_CDC_QA::0000342::0000342,Rabies,exams and tests,1,1,1,1.0,1.0,1,1,1,1.0,1,1,1,1.0,1,1,1,1.0,1,10
rag_hybrid_k10,hybrid,10,eval_0148,What causes Wilson Disease ?,5_NIDDK_QA::0000133::0000133-3,2_GARD_QA::0006449::0006449-3|5_NIDDK_QA::0000133::0000133-3,5_NIDDK_QA::0000133::0000133,2_GARD_QA::0006449::0006449|5_NIDDK_QA::0000133::0000133,Wilson Disease,causes,1,1,1,1.0,1.0,0,1,1,0.5,1,1,1,1.0,1,1,1,1.0,2,10
rag_hybrid_k10,hybrid,10,eval_0149,Is Romano-Ward syndrome inherited ?,3_GHR_QA::0000883::0000883-4,3_GHR_QA::0000883::0000883-4,3_GHR_QA::0000883::0000883,3_GHR_QA::0000883::0000883,Romano-Ward syndrome,inheritance,1,1,1,1.0,1.0,1,1,1,1.0,1,1,1,1.0,1,1,1,1.0,1,10
rag_hybrid_k10,hybrid,10,eval_0150,Who is at risk for Osteoporosis? ?,7_SeniorHealth_QA::0000050::0000050-15,7_SeniorHealth_QA::0000050::0000050-13|7_SeniorHealth_QA::0000050::0000050-14|7_SeniorHealth_QA::0000050::0000050-15|7_SeniorHealth_QA::0000050::0000050-16|7_SeniorHealth_QA::0000050::0000050-19|7_SeniorHealth_QA::0000050::0000050-2,7_SeniorHealth_QA::0000050::0000050,7_SeniorHealth_QA::0000050::0000050,Osteoporosis,susceptibility,1,1,1,1.0,0.9099466049873365,0,0,1,0.14285714285714285,1,1,1,1.0,1,1,1,1.0,6,10
rag_hybrid_k10,hybrid,10,eval_0151,How many people are affected by metatropic dysplasia ?,3_GHR_QA::0000648::0000648-2,3_GHR_QA::0000648::0000648-2,3_GHR_QA::0000648::0000648,3_GHR_QA::0000648::0000648,metatropic dysplasia,frequency,1,1,1,1.0,1.0,1,1,1,1.0,1,1,1,1.0,1,1,1,1.0,1,10
rag_hybrid_k10,hybrid,10,eval_0152,Who is at risk for Breast Cancer? ?,7_SeniorHealth_QA::0000008::0000008-13,1_CancerGov_QA::0000027_1::0000027_1-2|1_CancerGov_QA::0000027_3::0000027_3-2|1_CancerGov_QA::0000027_4::0000027_4-3|1_CancerGov_QA::0000027_5::0000027_5-2|7_SeniorHealth_QA::0000008::0000008-13|7_SeniorHealth_QA::0000008::0000008-16|7_SeniorHealth_QA::0000008::0000008-2|7_SeniorHealth_QA::0000008::0000008-26|7_SeniorHealth_QA::0000008::0000008-3,7_SeniorHealth_QA::0000008::0000008,1_CancerGov_QA::0000027_1::0000027_1|1_CancerGov_QA::0000027_3::0000027_3|1_CancerGov_QA::0000027_4::0000027_4|1_CancerGov_QA::0000027_5::0000027_5|7_SeniorHealth_QA::0000008::0000008,Breast Cancer,susceptibility,1,1,1,1.0,0.9667147927059906,0,0,1,0.16666666666666666,1,1,1,1.0,1,1,1,1.0,9,10
rag_hybrid_k10,hybrid,10,eval_0153,What are the symptoms of Mucopolysaccharidosis type IIID ?,2_GARD_QA::0004161::0004161-2,2_GARD_QA::0004161::0004161-2,2_GARD_QA::0004161::0004161,2_GARD_QA::0004161::0004161,Mucopolysaccharidosis type IIID,symptoms,0,1,1,0.3333333333333333,0.5,0,1,1,0.3333333333333333,0,1,1,0.5,0,1,1,0.5,1,10
rag_hybrid_k10,hybrid,10,eval_0154,How many people are affected by autosomal dominant hypocalcemia ?,3_GHR_QA::0000092::0000092-2,3_GHR_QA::0000092::0000092-2,3_GHR_QA::0000092::0000092,3_GHR_QA::0000092::0000092,autosomal dominant hypocalcemia,frequency,1,1,1,1.0,1.0,1,1,1,1.0,1,1,1,1.0,1,1,1,1.0,1,10
rag_hybrid_k10,hybrid,10,eval_0155,What are the symptoms of RHYNS syndrome ?,2_GARD_QA::0005370::0005370-1,2_GARD_QA::0005370::0005370-1,2_GARD_QA::0005370::0005370,2_GARD_QA::0005370::0005370,RHYNS syndrome,symptoms,1,1,1,1.0,1.0,1,1,1,1.0,1,1,1,1.0,1,1,1,1.0,1,10
rag_hybrid_k10,hybrid,10,eval_0156,What are the treatments for progressive familial intrahepatic cholestasis ?,3_GHR_QA::0000829::0000829-5,3_GHR_QA::0000829::0000829-5,3_GHR_QA::0000829::0000829,3_GHR_QA::0000829::0000829,progressive familial intrahepatic cholestasis,treatment,1,1,1,1.0,1.0,1,1,1,1.0,1,1,1,1.0,1,1,1,1.0,1,10
rag_hybrid_k10,hybrid,10,eval_0157,What are the symptoms of Tracheobronchomalacia ?,2_GARD_QA::0006138::0006138-2,2_GARD_QA::0006138::0006138-2,2_GARD_QA::0006138::0006138,2_GARD_QA::0006138::0006138,Tracheobronchomalacia,symptoms,1,1,1,1.0,1.0,1,1,1,1.0,1,1,1,1.0,1,1,1,1.0,1,10
rag_hybrid_k10,hybrid,10,eval_0158,What causes Proctitis ?,5_NIDDK_QA::0000119::0000119-3,5_NIDDK_QA::0000119::0000119-3|5_NIDDK_QA::0000119::0000119-4,5_NIDDK_QA::0000119::0000119,5_NIDDK_QA::0000119::0000119,Proctitis,causes,0,1,1,0.5,0.6934264036172708,0,1,1,0.5,1,1,1,1.0,1,1,1,1.0,2,10
rag_hybrid_k10,hybrid,10,eval_0159,How many people are affected by hereditary diffuse gastric cancer ?,3_GHR_QA::0000458::0000458-2,3_GHR_QA::0000458::0000458-2,3_GHR_QA::0000458::0000458,3_GHR_QA::0000458::0000458,hereditary diffuse gastric cancer,frequency,1,1,1,1.0,1.0,1,1,1,1.0,1,1,1,1.0,1,1,1,1.0,1,10
rag_hybrid_k10,hybrid,10,eval_0160,"What causes Ehlers-Danlos syndrome, progeroid type ?",2_GARD_QA::0002061::0002061-3,2_GARD_QA::0002061::0002061-3,2_GARD_QA::0002061::0002061,2_GARD_QA::0002061::0002061,"Ehlers-Danlos syndrome, progeroid type",causes,1,1,1,1.0,1.0,1,1,1,1.0,1,1,1,1.0,1,1,1,1.0,1,10
rag_hybrid_k10,hybrid,10,eval_0161,What are the symptoms of Sarcoidosis ?,8_NHLBI_QA_XML::0000116::0000116-4,2_GARD_QA::0005471::0005471-2|8_NHLBI_QA_XML::0000116::0000116-4,8_NHLBI_QA_XML::0000116::0000116,2_GARD_QA::0005471::0005471|8_NHLBI_QA_XML::0000116::0000116,Sarcoidosis,symptoms,0,1,1,0.5,0.6934264036172708,0,1,1,0.5,0,1,1,0.5,1,1,1,1.0,2,10
rag_hybrid_k10,hybrid,10,eval_0162,How many people are affected by atypical hemolytic-uremic syndrome ?,3_GHR_QA::0000085::0000085-2,3_GHR_QA::0000085::0000085-2,3_GHR_QA::0000085::0000085,3_GHR_QA::0000085::0000085,atypical hemolytic-uremic syndrome,frequency,1,1,1,1.0,1.0,1,1,1,1.0,1,1,1,1.0,1,1,1,1.0,1,10
rag_hybrid_k10,hybrid,10,eval_0163,What are the treatments for Ghosal hematodiaphyseal dysplasia ?,3_GHR_QA::0000404::0000404-5,3_GHR_QA::0000404::0000404-5,3_GHR_QA::0000404::0000404,3_GHR_QA::0000404::0000404,Ghosal hematodiaphyseal dysplasia,treatment,1,1,1,1.0,1.0,1,1,1,1.0,1,1,1,1.0,1,1,1,1.0,1,10
rag_hybrid_k10,hybrid,10,eval_0164,What is (are) Diabetes mellitus type 1 ?,2_GARD_QA::0001824::0001824-1,2_GARD_QA::0001824::0001824-1,2_GARD_QA::0001824::0001824,2_GARD_QA::0001824::0001824,Diabetes mellitus type 1,information,1,1,1,1.0,1.0,1,1,1,1.0,1,1,1,1.0,1,1,1,1.0,1,10
rag_hybrid_k10,hybrid,10,eval_0165,What is (are) glucose-6-phosphate dehydrogenase deficiency ?,3_GHR_QA::0000413::0000413-1,2_GARD_QA::0002595::0002595-1|3_GHR_QA::0000413::0000413-1,3_GHR_QA::0000413::0000413,2_GARD_QA::0002595::0002595|3_GHR_QA::0000413::0000413,glucose-6-phosphate dehydrogenase deficiency,information,1,1,1,1.0,1.0,0,1,1,0.5,1,1,1,1.0,1,1,1,1.0,2,10
rag_hybrid_k10,hybrid,10,eval_0166,What are the treatments for Factor XIII deficiency ?,2_GARD_QA::0002222::0002222-3,2_GARD_QA::0002222::0002222-3|3_GHR_QA::0000338::0000338-5,2_GARD_QA::0002222::0002222,2_GARD_QA::0002222::0002222|3_GHR_QA::0000338::0000338,Factor XIII deficiency,treatment,1,1,1,1.0,1.0,1,1,1,1.0,1,1,1,1.0,1,1,1,1.0,2,10
rag_hybrid_k10,hybrid,10,eval_0167,What are the symptoms of Spastic paraplegia 2 ?,2_GARD_QA::0005709::0005709-1,2_GARD_QA::0005709::0005709-1,2_GARD_QA::0005709::0005709,2_GARD_QA::0005709::0005709,Spastic paraplegia 2,symptoms,0,1,1,0.5,0.6309297535714575,0,1,1,0.5,0,1,1,0.5,0,1,1,0.5,1,10
rag_hybrid_k10,hybrid,10,eval_0168,"What are the treatments for Crigler Najjar syndrome, type 2 ?",2_GARD_QA::0001666::0001666-3,2_GARD_QA::0001666::0001666-3,2_GARD_QA::0001666::0001666,2_GARD_QA::0001666::0001666,"Crigler Najjar syndrome, type 2",treatment,1,1,1,1.0,1.0,1,1,1,1.0,1,1,1,1.0,1,1,1,1.0,1,10
rag_hybrid_k10,hybrid,10,eval_0169,What are the symptoms of Gupta Patton syndrome ?,2_GARD_QA::0002699::0002699-1,2_GARD_QA::0002699::0002699-1,2_GARD_QA::0002699::0002699,2_GARD_QA::0002699::0002699,Gupta Patton syndrome,symptoms,1,1,1,1.0,1.0,1,1,1,1.0,1,1,1,1.0,1,1,1,1.0,1,10
rag_hybrid_k10,hybrid,10,eval_0170,How to diagnose Multiple myeloma ?,2_GARD_QA::0004199::0004199-4,2_GARD_QA::0004199::0004199-4,2_GARD_QA::0004199::0004199,2_GARD_QA::0004199::0004199,Multiple myeloma,exams and tests,1,1,1,1.0,1.0,1,1,1,1.0,1,1,1,1.0,1,1,1,1.0,1,10
rag_hybrid_k10,hybrid,10,eval_0171,What are the genetic changes related to RAPADILINO syndrome ?,3_GHR_QA::0000858::0000858-3,3_GHR_QA::0000858::0000858-3,3_GHR_QA::0000858::0000858,3_GHR_QA::0000858::0000858,RAPADILINO syndrome,genetic changes,1,1,1,1.0,1.0,1,1,1,1.0,1,1,1,1.0,1,1,1,1.0,1,10
rag_hybrid_k10,hybrid,10,eval_0172,Who is at risk for Childhood Soft Tissue Sarcoma? ?,1_CancerGov_QA::0000003_5::0000003_5-2,1_CancerGov_QA::0000003_5::0000003_5-2,1_CancerGov_QA::0000003_5::0000003_5,1_CancerGov_QA::0000003_5::0000003_5,Childhood Soft Tissue Sarcoma,susceptibility,1,1,1,1.0,1.0,1,1,1,1.0,1,1,1,1.0,1,1,1,1.0,1,10
rag_hybrid_k10,hybrid,10,eval_0173,What is (are) Angelman syndrome ?,3_GHR_QA::0000058::0000058-1,2_GARD_QA::0000347::0000347-1|3_GHR_QA::0000058::0000058-1|6_NINDS_QA::0000021::0000021-1,3_GHR_QA::0000058::0000058,2_GARD_QA::0000347::0000347|3_GHR_QA::0000058::0000058|6_NINDS_QA::0000021::0000021,Angelman syndrome,information,1,1,1,1.0,1.0,0,1,1,0.3333333333333333,1,1,1,1.0,1,1,1,1.0,3,10
rag_hybrid_k10,hybrid,10,eval_0174,"What are the treatments for Epidermolysis bullosa simplex, generalized ?",2_GARD_QA::0002126::0002126-3,2_GARD_QA::0002126::0002126-3,2_GARD_QA::0002126::0002126,2_GARD_QA::0002126::0002126,"Epidermolysis bullosa simplex, generalized",treatment,1,1,1,1.0,1.0,1,1,1,1.0,1,1,1,1.0,1,1,1,1.0,1,10
rag_hybrid_k10,hybrid,10,eval_0175,What are the symptoms of Hypertrichosis lanuginosa congenita ?,2_GARD_QA::0003027::0003027-2,2_GARD_QA::0003027::0003027-2,2_GARD_QA::0003027::0003027,2_GARD_QA::0003027::0003027,Hypertrichosis lanuginosa congenita,symptoms,1,1,1,1.0,1.0,1,1,1,1.0,1,1,1,1.0,1,1,1,1.0,1,10
rag_hybrid_k10,hybrid,10,eval_0176,Is cyclic neutropenia inherited ?,3_GHR_QA::0000260::0000260-4,3_GHR_QA::0000260::0000260-4,3_GHR_QA::0000260::0000260,3_GHR_QA::0000260::0000260,cyclic neutropenia,inheritance,1,1,1,1.0,1.0,1,1,1,1.0,1,1,1,1.0,1,1,1,1.0,1,10
rag_hybrid_k10,hybrid,10,eval_0177,What are the symptoms of Retinal cone dystrophy 4 ?,2_GARD_QA::0005326::0005326-1,2_GARD_QA::0005326::0005326-1,2_GARD_QA::0005326::0005326,2_GARD_QA::0005326::0005326,Retinal cone dystrophy 4,symptoms,1,1,1,1.0,1.0,1,1,1,1.0,1,1,1,1.0,1,1,1,1.0,1,10
rag_hybrid_k10,hybrid,10,eval_0178,What are the genetic changes related to osteogenesis imperfecta ?,3_GHR_QA::0000757::0000757-3,3_GHR_QA::0000757::0000757-3,3_GHR_QA::0000757::0000757,3_GHR_QA::0000757::0000757,osteogenesis imperfecta,genetic changes,1,1,1,1.0,1.0,1,1,1,1.0,1,1,1,1.0,1,1,1,1.0,1,10
rag_hybrid_k10,hybrid,10,eval_0179,How to diagnose Neonatal progeroid syndrome ?,2_GARD_QA::0004337::0004337-5,2_GARD_QA::0004337::0004337-5,2_GARD_QA::0004337::0004337,2_GARD_QA::0004337::0004337,Neonatal progeroid syndrome,exams and tests,1,1,1,1.0,1.0,1,1,1,1.0,1,1,1,1.0,1,1,1,1.0,1,10
rag_hybrid_k10,hybrid,10,eval_0180,Where to find support for people with Alcohol Use and Older Adults ?,7_SeniorHealth_QA::0000002::0000002-29,7_SeniorHealth_QA::0000002::0000002-29,7_SeniorHealth_QA::0000002::0000002,7_SeniorHealth_QA::0000002::0000002,Alcohol Use and Older Adults,support groups,1,1,1,1.0,1.0,1,1,1,1.0,1,1,1,1.0,1,1,1,1.0,1,10
rag_hybrid_k10,hybrid,10,eval_0181,What is (are) Ollier disease ?,2_GARD_QA::0004532::0004532-1,2_GARD_QA::0004532::0004532-1|3_GHR_QA::0000750::0000750-1,2_GARD_QA::0004532::0004532,2_GARD_QA::0004532::0004532|3_GHR_QA::0000750::0000750,Ollier disease,information,1,1,1,1.0,1.0,1,1,1,1.0,1,1,1,1.0,1,1,1,1.0,2,10
rag_hybrid_k10,hybrid,10,eval_0182,What is (are) allergic asthma ?,3_GHR_QA::0000037::0000037-1,3_GHR_QA::0000037::0000037-1,3_GHR_QA::0000037::0000037,3_GHR_QA::0000037::0000037,allergic asthma,information,1,1,1,1.0,1.0,1,1,1,1.0,1,1,1,1.0,1,1,1,1.0,1,10
rag_hybrid_k10,hybrid,10,eval_0183,What are the treatments for Sjgren's Syndrome ?,6_NINDS_QA::0000253::0000253-2,6_NINDS_QA::0000253::0000253-2,6_NINDS_QA::0000253::0000253,6_NINDS_QA::0000253::0000253,Sjgren's Syndrome,treatment,1,1,1,1.0,1.0,1,1,1,1.0,1,1,1,1.0,1,1,1,1.0,1,10
rag_hybrid_k10,hybrid,10,eval_0184,What is (are) Miyoshi myopathy ?,3_GHR_QA::0000666::0000666-1,3_GHR_QA::0000666::0000666-1,3_GHR_QA::0000666::0000666,3_GHR_QA::0000666::0000666,Miyoshi myopathy,information,1,1,1,1.0,1.0,1,1,1,1.0,1,1,1,1.0,1,1,1,1.0,1,10
rag_hybrid_k10,hybrid,10,eval_0185,How to diagnose Mntriers Disease ?,5_NIDDK_QA::0000115::0000115-5,5_NIDDK_QA::0000115::0000115-5,5_NIDDK_QA::0000115::0000115,5_NIDDK_QA::0000115::0000115,Mntriers Disease,exams and tests,1,1,1,1.0,1.0,1,1,1,1.0,1,1,1,1.0,1,1,1,1.0,1,10
rag_hybrid_k10,hybrid,10,eval_0186,What are the genetic changes related to MYH9-related disorder ?,3_GHR_QA::0000700::0000700-3,3_GHR_QA::0000700::0000700-3,3_GHR_QA::0000700::0000700,3_GHR_QA::0000700::0000700,MYH9-related disorder,genetic changes,1,1,1,1.0,1.0,1,1,1,1.0,1,1,1,1.0,1,1,1,1.0,1,10
rag_hybrid_k10,hybrid,10,eval_0187,Is Hypokalemic periodic paralysis inherited ?,2_GARD_QA::0003059::0003059-4,2_GARD_QA::0003059::0003059-4|3_GHR_QA::0000505::0000505-4,2_GARD_QA::0003059::0003059,2_GARD_QA::0003059::0003059|3_GHR_QA::0000505::0000505,Hypokalemic periodic paralysis,inheritance,1,1,1,1.0,1.0,1,1,1,1.0,1,1,1,1.0,1,1,1,1.0,2,10
rag_hybrid_k10,hybrid,10,eval_0188,What are the symptoms of Peyronie disease ?,2_GARD_QA::0004834::0004834-2,2_GARD_QA::0004834::0004834-2,2_GARD_QA::0004834::0004834,2_GARD_QA::0004834::0004834,Peyronie disease,symptoms,0,0,1,0.25,0.43067655807339306,0,0,1,0.25,0,1,1,0.5,0,1,1,0.5,1,10
rag_hybrid_k10,hybrid,10,eval_0189,What is (are) Asthma ?,2_GARD_QA::0000491::0000491-1,2_GARD_QA::0000491::0000491-1|4_MPlus_Health_Topics_QA::0000065::0000065-1|8_NHLBI_QA_XML::0000010::0000010-1,2_GARD_QA::0000491::0000491,2_GARD_QA::0000491::0000491|4_MPlus_Health_Topics_QA::0000065::0000065|8_NHLBI_QA_XML::0000010::0000010,Asthma,information,1,1,1,1.0,0.9469024295259745,1,1,1,1.0,1,1,1,1.0,1,1,1,1.0,3,10
rag_hybrid_k10,hybrid,10,eval_0190,What are the treatments for Iniencephaly ?,6_NINDS_QA::0000164::0000164-2,6_NINDS_QA::0000164::0000164-2,6_NINDS_QA::0000164::0000164,6_NINDS_QA::0000164::0000164,Iniencephaly,treatment,1,1,1,1.0,1.0,1,1,1,1.0,1,1,1,1.0,1,1,1,1.0,1,10
rag_hybrid_k10,hybrid,10,eval_0191,What are the treatments for Cerebral Hypoxia ?,6_NINDS_QA::0000023::0000023-2,6_NINDS_QA::0000023::0000023-2,6_NINDS_QA::0000023::0000023,6_NINDS_QA::0000023::0000023,Cerebral Hypoxia,treatment,1,1,1,1.0,1.0,1,1,1,1.0,1,1,1,1.0,1,1,1,1.0,1,10
rag_hybrid_k10,hybrid,10,eval_0192,What are the treatments for Trichotillomania ?,2_GARD_QA::0006192::0006192-3,2_GARD_QA::0006192::0006192-3,2_GARD_QA::0006192::0006192,2_GARD_QA::0006192::0006192,Trichotillomania,treatment,1,1,1,1.0,1.0,1,1,1,1.0,1,1,1,1.0,1,1,1,1.0,1,10
rag_hybrid_k10,hybrid,10,eval_0193,Is hypokalemic periodic paralysis inherited ?,3_GHR_QA::0000505::0000505-4,2_GARD_QA::0003059::0003059-4|3_GHR_QA::0000505::0000505-4,3_GHR_QA::0000505::0000505,2_GARD_QA::0003059::0003059|3_GHR_QA::0000505::0000505,hypokalemic periodic paralysis,inheritance,1,1,1,1.0,1.0,0,1,1,0.5,1,1,1,1.0,1,1,1,1.0,2,10
rag_hybrid_k10,hybrid,10,eval_0194,What are the treatments for Cardiomyopathy ?,8_NHLBI_QA_XML::0000029::0000029-8,8_NHLBI_QA_XML::0000029::0000029-8,8_NHLBI_QA_XML::0000029::0000029,8_NHLBI_QA_XML::0000029::0000029,Cardiomyopathy,treatment,1,1,1,1.0,1.0,1,1,1,1.0,1,1,1,1.0,1,1,1,1.0,1,10
rag_hybrid_k10,hybrid,10,eval_0195,Is RAPADILINO syndrome inherited ?,3_GHR_QA::0000858::0000858-4,3_GHR_QA::0000858::0000858-4,3_GHR_QA::0000858::0000858,3_GHR_QA::0000858::0000858,RAPADILINO syndrome,inheritance,1,1,1,1.0,1.0,1,1,1,1.0,1,1,1,1.0,1,1,1,1.0,1,10
rag_hybrid_k10,hybrid,10,eval_0196,What is (are) Kidney Stones in Adults ?,5_NIDDK_QA::0000203::0000203-2,5_NIDDK_QA::0000203::0000203-1|5_NIDDK_QA::0000203::0000203-2|5_NIDDK_QA::0000203::0000203-5,5_NIDDK_QA::0000203::0000203,5_NIDDK_QA::0000203::0000203,Kidney Stones in Adults,information,1,1,1,1.0,0.9674679834891693,0,1,1,0.5,1,1,1,1.0,1,1,1,1.0,3,10
rag_hybrid_k10,hybrid,10,eval_0197,What to do for Biliary Atresia ?,5_NIDDK_QA::0000183::0000183-10,5_NIDDK_QA::0000183::0000183-10|5_NIDDK_QA::0000183::0000183-9,5_NIDDK_QA::0000183::0000183,5_NIDDK_QA::0000183::0000183,Biliary Atresia,considerations,1,1,1,1.0,1.0,0,1,1,0.5,1,1,1,1.0,1,1,1,1.0,2,10
rag_hybrid_k10,hybrid,10,eval_0198,What are the treatments for Cataract ?,7_SeniorHealth_QA::0000009::0000009-15,7_SeniorHealth_QA::0000009::0000009-15|7_SeniorHealth_QA::0000009::0000009-5,7_SeniorHealth_QA::0000009::0000009,7_SeniorHealth_QA::0000009::0000009,Cataract,treatment,1,1,1,1.0,0.9197207891481876,1,1,1,1.0,1,1,1,1.0,1,1,1,1.0,2,10
rag_hybrid_k10,hybrid,10,eval_0199,What is (are) Infections and Pregnancy ?,4_MPlus_Health_Topics_QA::0000510::0000510-1,4_MPlus_Health_Topics_QA::0000510::0000510-1,4_MPlus_Health_Topics_QA::0000510::0000510,4_MPlus_Health_Topics_QA::0000510::0000510,Infections and Pregnancy,information,1,1,1,1.0,1.0,1,1,1,1.0,1,1,1,1.0,1,1,1,1.0,1,10
rag_hybrid_k10,hybrid,10,eval_0200,What are the genetic changes related to autoimmune Addison disease ?,3_GHR_QA::0000087::0000087-3,3_GHR_QA::0000087::0000087-3,3_GHR_QA::0000087::0000087,3_GHR_QA::0000087::0000087,autoimmune Addison disease,genetic changes,1,1,1,1.0,1.0,1,1,1,1.0,1,1,1,1.0,1,1,1,1.0,1,10
rag_bm25_k10,bm25,10,eval_0001,How to prevent Diabetic Kidney Disease ?,5_NIDDK_QA::0000033::0000033-9,5_NIDDK_QA::0000033::0000033-9,5_NIDDK_QA::0000033::0000033,5_NIDDK_QA::0000033::0000033,Diabetic Kidney Disease,prevention,0,0,0,0.0,0.0,0,0,0,0.0,1,1,1,1.0,1,1,1,1.0,1,10
rag_bm25_k10,bm25,10,eval_0002,What are the complications of Kidney Dysplasia ?,5_NIDDK_QA::0000154::0000154-7,5_NIDDK_QA::0000154::0000154-7,5_NIDDK_QA::0000154::0000154,5_NIDDK_QA::0000154::0000154,Kidney Dysplasia,complications,1,1,1,1.0,1.0,1,1,1,1.0,1,1,1,1.0,1,1,1,1.0,1,10
rag_bm25_k10,bm25,10,eval_0003,What is (are) Rheumatoid Arthritis ?,7_SeniorHealth_QA::0000061::0000061-7,3_GHR_QA::0000875::0000875-1|4_MPlus_Health_Topics_QA::0000782::0000782-1|7_SeniorHealth_QA::0000061::0000061-1|7_SeniorHealth_QA::0000061::0000061-15|7_SeniorHealth_QA::0000061::0000061-7,7_SeniorHealth_QA::0000061::0000061,3_GHR_QA::0000875::0000875|4_MPlus_Health_Topics_QA::0000782::0000782|7_SeniorHealth_QA::0000061::0000061,Rheumatoid Arthritis,information,1,1,1,1.0,0.5684045686173149,1,1,1,1.0,1,1,1,1.0,1,1,1,1.0,5,10
rag_bm25_k10,bm25,10,eval_0004,Is Familial isolated hyperparathyroidism inherited ?,2_GARD_QA::0002274::0002274-3,2_GARD_QA::0002274::0002274-3|3_GHR_QA::0000357::0000357-4,2_GARD_QA::0002274::0002274,2_GARD_QA::0002274::0002274|3_GHR_QA::0000357::0000357,Familial isolated hyperparathyroidism,inheritance,1,1,1,1.0,1.0,1,1,1,1.0,1,1,1,1.0,1,1,1,1.0,2,10
rag_bm25_k10,bm25,10,eval_0005,What are the genetic changes related to giant congenital melanocytic nevus ?,3_GHR_QA::0000406::0000406-3,3_GHR_QA::0000406::0000406-3,3_GHR_QA::0000406::0000406,3_GHR_QA::0000406::0000406,giant congenital melanocytic nevus,genetic changes,1,1,1,1.0,1.0,1,1,1,1.0,1,1,1,1.0,1,1,1,1.0,1,10
rag_bm25_k10,bm25,10,eval_0006,Is diastrophic dysplasia inherited ?,3_GHR_QA::0000284::0000284-4,3_GHR_QA::0000284::0000284-4,3_GHR_QA::0000284::0000284,3_GHR_QA::0000284::0000284,diastrophic dysplasia,inheritance,1,1,1,1.0,1.0,1,1,1,1.0,1,1,1,1.0,1,1,1,1.0,1,10
rag_bm25_k10,bm25,10,eval_0007,Is glucose phosphate isomerase deficiency inherited ?,3_GHR_QA::0000412::0000412-4,3_GHR_QA::0000412::0000412-4,3_GHR_QA::0000412::0000412,3_GHR_QA::0000412::0000412,glucose phosphate isomerase deficiency,inheritance,1,1,1,1.0,1.0,1,1,1,1.0,1,1,1,1.0,1,1,1,1.0,1,10
rag_bm25_k10,bm25,10,eval_0008,What causes Chromosome 4q deletion ?,2_GARD_QA::0001282::0001282-3,2_GARD_QA::0001282::0001282-3,2_GARD_QA::0001282::0001282,2_GARD_QA::0001282::0001282,Chromosome 4q deletion,causes,1,1,1,1.0,1.0,1,1,1,1.0,1,1,1,1.0,1,1,1,1.0,1,10
rag_bm25_k10,bm25,10,eval_0009,What is (are) X-linked lymphoproliferative disease ?,3_GHR_QA::0001059::0001059-1,3_GHR_QA::0001059::0001059-1,3_GHR_QA::0001059::0001059,3_GHR_QA::0001059::0001059,X-linked lymphoproliferative disease,information,0,0,1,0.125,0.31546487678572877,0,0,1,0.125,0,0,1,0.25,0,0,1,0.25,1,10
rag_bm25_k10,bm25,10,eval_0010,How to prevent Lung Cancer ?,1_CancerGov_QA::0000032_3::0000032_3-2,1_CancerGov_QA::0000032_3::0000032_3-2,1_CancerGov_QA::0000032_3::0000032_3,1_CancerGov_QA::0000032_3::0000032_3,Lung Cancer,prevention,1,1,1,1.0,1.0,1,1,1,1.0,1,1,1,1.0,1,1,1,1.0,1,10
rag_bm25_k10,bm25,10,eval_0011,What is (are) Medicare and Continuing Care ?,7_SeniorHealth_QA::0000045::0000045-8,7_SeniorHealth_QA::0000045::0000045-10|7_SeniorHealth_QA::0000045::0000045-11|7_SeniorHealth_QA::0000045::0000045-12|7_SeniorHealth_QA::0000045::0000045-13|7_SeniorHealth_QA::0000045::0000045-14|7_SeniorHealth_QA::0000045::0000045-16|7_SeniorHealth_QA::0000045::0000045-18|7_SeniorHealth_QA::0000045::0000045-20|7_SeniorHealth_QA::0000045::0000045-22|7_SeniorHealth_QA::0000045::0000045-24|7_SeniorHealth_QA::0000045::0000045-28|7_SeniorHealth_QA::0000045::0000045-7|7_SeniorHealth_QA::0000045::0000045-8|7_SeniorHealth_QA::0000045::0000045-9,7_SeniorHealth_QA::0000045::0000045,7_SeniorHealth_QA::0000045::0000045,Medicare and Continuing Care,information,1,1,1,1.0,1.0,0,0,1,0.1111111111111111,1,1,1,1.0,1,1,1,1.0,14,10
rag_bm25_k10,bm25,10,eval_0012,What is (are) COG5-congenital disorder of glycosylation ?,3_GHR_QA::0000197::0000197-1,3_GHR_QA::0000197::0000197-1,3_GHR_QA::0000197::0000197,3_GHR_QA::0000197::0000197,COG5-congenital disorder of glycosylation,information,0,1,1,0.3333333333333333,0.5,0,1,1,0.3333333333333333,1,1,1,1.0,1,1,1,1.0,1,10
rag_bm25_k10,bm25,10,eval_0013,What are the symptoms of Congenital myasthenic syndrome with episodic apnea ?,2_GARD_QA::0001542::0001542-1,2_GARD_QA::0001542::0001542-1,2_GARD_QA::0001542::0001542,2_GARD_QA::0001542::0001542,Congenital myasthenic syndrome with episodic apnea,symptoms,1,1,1,1.0,1.0,1,1,1,1.0,1,1,1,1.0,1,1,1,1.0,1,10
rag_bm25_k10,bm25,10,eval_0014,What are the treatments for Immunodeficiency with hyper IgM type 1 ?,2_GARD_QA::0003162::0003162-4,2_GARD_QA::0003162::0003162-4,2_GARD_QA::0003162::0003162,2_GARD_QA::0003162::0003162,Immunodeficiency with hyper IgM type 1,treatment,1,1,1,1.0,1.0,1,1,1,1.0,1,1,1,1.0,1,1,1,1.0,1,10
rag_bm25_k10,bm25,10,eval_0015,How many people are affected by mucopolysaccharidosis type VI ?,3_GHR_QA::0000682::0000682-2,3_GHR_QA::0000682::0000682-2,3_GHR_QA::0000682::0000682,3_GHR_QA::0000682::0000682,mucopolysaccharidosis type VI,frequency,1,1,1,1.0,1.0,1,1,1,1.0,1,1,1,1.0,1,1,1,1.0,1,10
rag_bm25_k10,bm25,10,eval_0016,What to do for Perineal Injury in Males ?,5_NIDDK_QA::0000206::0000206-11,5_NIDDK_QA::0000206::0000206-10|5_NIDDK_QA::0000206::0000206-11,5_NIDDK_QA::0000206::0000206,5_NIDDK_QA::0000206::0000206,Perineal Injury in Males,considerations,1,1,1,1.0,1.0,1,1,1,1.0,1,1,1,1.0,1,1,1,1.0,2,10
rag_bm25_k10,bm25,10,eval_0017,What are the genetic changes related to sialuria ?,3_GHR_QA::0000909::0000909-3,3_GHR_QA::0000909::0000909-3,3_GHR_QA::0000909::0000909,3_GHR_QA::0000909::0000909,sialuria,genetic changes,1,1,1,1.0,1.0,1,1,1,1.0,1,1,1,1.0,1,1,1,1.0,1,10
rag_bm25_k10,bm25,10,eval_0018,what research (or clinical trials) is being done for Oropharyngeal Cancer ?,1_CancerGov_QA::0000024_6::0000024_6-8,1_CancerGov_QA::0000024_6::0000024_6-8,1_CancerGov_QA::0000024_6::0000024_6,1_CancerGov_QA::0000024_6::0000024_6,Oropharyngeal Cancer,research,0,1,1,0.5,0.6309297535714575,0,1,1,0.5,0,1,1,0.5,0,1,1,0.5,1,10
rag_bm25_k10,bm25,10,eval_0019,What is (are) Pallister-Killian mosaic syndrome ?,2_GARD_QA::0004688::0004688-1,2_GARD_QA::0004688::0004688-1|3_GHR_QA::0000768::0000768-1,2_GARD_QA::0004688::0004688,2_GARD_QA::0004688::0004688|3_GHR_QA::0000768::0000768,Pallister-Killian mosaic syndrome,information,0,1,1,0.5,0.6240505200038379,0,1,1,0.5,1,1,1,1.0,1,1,1,1.0,2,10
rag_bm25_k10,bm25,10,eval_0020,What are the treatments for Mucopolysaccharidosis type I ?,2_GARD_QA::0004155::0004155-5,2_GARD_QA::0004155::0004155-5|3_GHR_QA::0000678::0000678-5,2_GARD_QA::0004155::0004155,2_GARD_QA::0004155::0004155|3_GHR_QA::0000678::0000678,Mucopolysaccharidosis type I,treatment,1,1,1,1.0,1.0,1,1,1,1.0,1,1,1,1.0,1,1,1,1.0,2,10
rag_bm25_k10,bm25,10,eval_0021,what research (or clinical trials) is being done for Prostate Cancer ?,1_CancerGov_QA::0000036_1::0000036_1-7,1_CancerGov_QA::0000036_1::0000036_1-7|1_CancerGov_QA::0000036_2::0000036_2-5|7_SeniorHealth_QA::0000058::0000058-7,1_CancerGov_QA::0000036_1::0000036_1,1_CancerGov_QA::0000036_1::0000036_1|1_CancerGov_QA::0000036_2::0000036_2|7_SeniorHealth_QA::0000058::0000058,Prostate Cancer,research,1,1,1,1.0,0.7653606369886217,0,1,1,0.5,1,1,1,1.0,1,1,1,1.0,3,10
rag_bm25_k10,bm25,10,eval_0022,What are the symptoms of Heart Palpitations ?,8_NHLBI_QA_XML::0000063::0000063-4,8_NHLBI_QA_XML::0000063::0000063-4,8_NHLBI_QA_XML::0000063::0000063,8_NHLBI_QA_XML::0000063::0000063,Heart Palpitations,symptoms,0,1,1,0.3333333333333333,0.5,0,1,1,0.3333333333333333,1,1,1,1.0,1,1,1,1.0,1,10
rag_bm25_k10,bm25,10,eval_0023,What are the treatments for Aicardi syndrome ?,3_GHR_QA::0000028::0000028-5,3_GHR_QA::0000028::0000028-5|6_NINDS_QA::0000011::0000011-2,3_GHR_QA::0000028::0000028,3_GHR_QA::0000028::0000028|6_NINDS_QA::0000011::0000011,Aicardi syndrome,treatment,1,1,1,1.0,0.9197207891481876,0,1,1,0.3333333333333333,1,1,1,1.0,1,1,1,1.0,2,10
rag_bm25_k10,bm25,10,eval_0024,Do you have information about Fires,4_MPlus_Health_Topics_QA::0000365::0000365-1,4_MPlus_Health_Topics_QA::0000365::0000365-1,4_MPlus_Health_Topics_QA::0000365::0000365,4_MPlus_Health_Topics_QA::0000365::0000365,Fires,information,1,1,1,1.0,1.0,1,1,1,1.0,1,1,1,1.0,1,1,1,1.0,1,10
rag_bm25_k10,bm25,10,eval_0025,What are the treatments for Juvenile amyotrophic lateral sclerosis ?,2_GARD_QA::0003319::0003319-4,2_GARD_QA::0003319::0003319-4,2_GARD_QA::0003319::0003319,2_GARD_QA::0003319::0003319,Juvenile amyotrophic lateral sclerosis,treatment,1,1,1,1.0,1.0,1,1,1,1.0,1,1,1,1.0,1,1,1,1.0,1,10
rag_bm25_k10,bm25,10,eval_0026,What causes Congenital adrenal hyperplasia ?,2_GARD_QA::0001472::0001472-3,2_GARD_QA::0001472::0001472-3,2_GARD_QA::0001472::0001472,2_GARD_QA::0001472::0001472,Congenital adrenal hyperplasia,causes,0,1,1,0.3333333333333333,0.5,0,1,1,0.3333333333333333,0,1,1,0.3333333333333333,0,1,1,0.3333333333333333,1,10
rag_bm25_k10,bm25,10,eval_0027,What to do for Gastroparesis ?,5_NIDDK_QA::0000107::0000107-6,5_NIDDK_QA::0000107::0000107-6|5_NIDDK_QA::0000107::0000107-9,5_NIDDK_QA::0000107::0000107,5_NIDDK_QA::0000107::0000107,Gastroparesis,considerations,1,1,1,1.0,0.8503449055347546,0,0,1,0.2,1,1,1,1.0,1,1,1,1.0,2,10
rag_bm25_k10,bm25,10,eval_0028,Who is at risk for ARDS? ?,8_NHLBI_QA_XML::0000007::0000007-4,8_NHLBI_QA_XML::0000007::0000007-4,8_NHLBI_QA_XML::0000007::0000007,8_NHLBI_QA_XML::0000007::0000007,ARDS,susceptibility,0,1,1,0.5,0.6309297535714575,0,1,1,0.5,1,1,1,1.0,1,1,1,1.0,1,10
rag_bm25_k10,bm25,10,eval_0029,What is (are) deafness-dystonia-optic neuronopathy syndrome ?,3_GHR_QA::0000274::0000274-1,3_GHR_QA::0000274::0000274-1,3_GHR_QA::0000274::0000274,3_GHR_QA::0000274::0000274,deafness-dystonia-optic neuronopathy syndrome,information,0,0,1,0.2,0.38685280723454163,0,0,1,0.2,1,1,1,1.0,1,1,1,1.0,1,10
rag_bm25_k10,bm25,10,eval_0030,What is (are) benign chronic pemphigus ?,3_GHR_QA::0000115::0000115-1,3_GHR_QA::0000115::0000115-1,3_GHR_QA::0000115::0000115,3_GHR_QA::0000115::0000115,benign chronic pemphigus,information,0,1,1,0.3333333333333333,0.5,0,1,1,0.3333333333333333,1,1,1,1.0,1,1,1,1.0,1,10
rag_bm25_k10,bm25,10,eval_0031,What is (are) Hashimoto's syndrome ?,2_GARD_QA::0002736::0002736-1,2_GARD_QA::0002736::0002736-1,2_GARD_QA::0002736::0002736,2_GARD_QA::0002736::0002736,Hashimoto's syndrome,information,0,1,1,0.3333333333333333,0.5,0,1,1,0.3333333333333333,1,1,1,1.0,1,1,1,1.0,1,10
rag_bm25_k10,bm25,10,eval_0032,What are the symptoms of Charcot-Marie-Tooth disease type 2D ?,2_GARD_QA::0001102::0001102-1,2_GARD_QA::0001102::0001102-1,2_GARD_QA::0001102::0001102,2_GARD_QA::0001102::0001102,Charcot-Marie-Tooth disease type 2D,symptoms,1,1,1,1.0,1.0,1,1,1,1.0,1,1,1,1.0,1,1,1,1.0,1,10
rag_bm25_k10,bm25,10,eval_0033,What are the symptoms of NADH cytochrome B5 reductase deficiency ?,2_GARD_QA::0004302::0004302-1,2_GARD_QA::0004302::0004302-1,2_GARD_QA::0004302::0004302,2_GARD_QA::0004302::0004302,NADH cytochrome B5 reductase deficiency,symptoms,1,1,1,1.0,1.0,1,1,1,1.0,1,1,1,1.0,1,1,1,1.0,1,10
rag_bm25_k10,bm25,10,eval_0034,What are the treatments for Dementia ?,6_NINDS_QA::0000098::0000098-2,6_NINDS_QA::0000098::0000098-2,6_NINDS_QA::0000098::0000098,6_NINDS_QA::0000098::0000098,Dementia,treatment,0,1,1,0.5,0.6309297535714575,0,1,1,0.5,0,1,1,0.5,0,1,1,0.5,1,10
rag_bm25_k10,bm25,10,eval_0035,"What are the symptoms of Ichthyosiform erythroderma, corneal involvement, deafness ?",2_GARD_QA::0003105::0003105-1,2_GARD_QA::0003105::0003105-1,2_GARD_QA::0003105::0003105,2_GARD_QA::0003105::0003105,"Ichthyosiform erythroderma, corneal involvement, deafness",symptoms,1,1,1,1.0,1.0,1,1,1,1.0,1,1,1,1.0,1,1,1,1.0,1,10
rag_bm25_k10,bm25,10,eval_0036,What are the treatments for Frontal fibrosing alopecia ?,2_GARD_QA::0002442::0002442-6,2_GARD_QA::0002442::0002442-6,2_GARD_QA::0002442::0002442,2_GARD_QA::0002442::0002442,Frontal fibrosing alopecia,treatment,1,1,1,1.0,1.0,1,1,1,1.0,1,1,1,1.0,1,1,1,1.0,1,10
rag_bm25_k10,bm25,10,eval_0037,Do you have information about Calcium,4_MPlus_Health_Topics_QA::0000139::0000139-1,4_MPlus_Health_Topics_QA::0000139::0000139-1,4_MPlus_Health_Topics_QA::0000139::0000139,4_MPlus_Health_Topics_QA::0000139::0000139,Calcium,information,1,1,1,1.0,1.0,1,1,1,1.0,1,1,1,1.0,1,1,1,1.0,1,10
rag_bm25_k10,bm25,10,eval_0038,Do you have information about Smokeless Tobacco,4_MPlus_Health_Topics_QA::0000827::0000827-1,4_MPlus_Health_Topics_QA::0000827::0000827-1,4_MPlus_Health_Topics_QA::0000827::0000827,4_MPlus_Health_Topics_QA::0000827::0000827,Smokeless Tobacco,information,1,1,1,1.0,1.0,1,1,1,1.0,1,1,1,1.0,1,1,1,1.0,1,10
rag_bm25_k10,bm25,10,eval_0039,What is the outlook for Tropical Spastic Paraparesis ?,6_NINDS_QA::0000151::0000151-3,6_NINDS_QA::0000151::0000151-3,6_NINDS_QA::0000151::0000151,6_NINDS_QA::0000151::0000151,Tropical Spastic Paraparesis,outlook,1,1,1,1.0,1.0,1,1,1,1.0,1,1,1,1.0,1,1,1,1.0,1,10
rag_bm25_k10,bm25,10,eval_0040,What is (are) Parasites - Angiostrongyliasis (also known as Angiostrongylus Infection) ?,9_CDC_QA::0000015::0000015-2,9_CDC_QA::0000015::0000015-2,9_CDC_QA::0000015::0000015,9_CDC_QA::0000015::0000015,Parasites - Angiostrongyliasis (also known as Angiostrongylus Infection),information,0,1,1,0.5,0.6309297535714575,0,1,1,0.5,1,1,1,1.0,1,1,1,1.0,1,10
rag_bm25_k10,bm25,10,eval_0041,What are the treatments for cystic fibrosis ?,3_GHR_QA::0000262::0000262-5,3_GHR_QA::0000262::0000262-5|8_NHLBI_QA_XML::0000049::0000049-7,3_GHR_QA::0000262::0000262,3_GHR_QA::0000262::0000262|8_NHLBI_QA_XML::0000049::0000049,cystic fibrosis,treatment,1,1,1,1.0,0.6131471927654584,1,1,1,1.0,1,1,1,1.0,1,1,1,1.0,2,10
rag_bm25_k10,bm25,10,eval_0042,What are the treatments for Leukoplakia ?,2_GARD_QA::0003580::0003580-3,2_GARD_QA::0003580::0003580-3,2_GARD_QA::0003580::0003580,2_GARD_QA::0003580::0003580,Leukoplakia,treatment,1,1,1,1.0,1.0,1,1,1,1.0,1,1,1,1.0,1,1,1,1.0,1,10
rag_bm25_k10,bm25,10,eval_0043,What causes Best vitelliform macular dystrophy ?,2_GARD_QA::0000700::0000700-3,2_GARD_QA::0000700::0000700-3,2_GARD_QA::0000700::0000700,2_GARD_QA::0000700::0000700,Best vitelliform macular dystrophy,causes,1,1,1,1.0,1.0,1,1,1,1.0,1,1,1,1.0,1,1,1,1.0,1,10
rag_bm25_k10,bm25,10,eval_0044,What are the symptoms of Biotin-thiamine-responsive basal ganglia disease ?,2_GARD_QA::0000736::0000736-2,2_GARD_QA::0000736::0000736-2,2_GARD_QA::0000736::0000736,2_GARD_QA::0000736::0000736,Biotin-thiamine-responsive basal ganglia disease,symptoms,0,0,1,0.16666666666666666,0.3562071871080222,0,0,1,0.16666666666666666,0,1,1,0.5,1,1,1,1.0,1,10
rag_bm25_k10,bm25,10,eval_0045,How many people are affected by X-linked thrombocytopenia ?,3_GHR_QA::0001065::0001065-2,3_GHR_QA::0001065::0001065-2,3_GHR_QA::0001065::0001065,3_GHR_QA::0001065::0001065,X-linked thrombocytopenia,frequency,1,1,1,1.0,1.0,1,1,1,1.0,1,1,1,1.0,1,1,1,1.0,1,10
rag_bm25_k10,bm25,10,eval_0046,What is the outlook for Diabetic Neuropathy ?,6_NINDS_QA::0000106::0000106-3,6_NINDS_QA::0000106::0000106-3,6_NINDS_QA::0000106::0000106,6_NINDS_QA::0000106::0000106,Diabetic Neuropathy,outlook,1,1,1,1.0,1.0,1,1,1,1.0,1,1,1,1.0,1,1,1,1.0,1,10
rag_bm25_k10,bm25,10,eval_0047,What are the genetic changes related to multiple sulfatase deficiency ?,3_GHR_QA::0000695::0000695-3,3_GHR_QA::0000695::0000695-3,3_GHR_QA::0000695::0000695,3_GHR_QA::0000695::0000695,multiple sulfatase deficiency,genetic changes,1,1,1,1.0,1.0,1,1,1,1.0,1,1,1,1.0,1,1,1,1.0,1,10
rag_bm25_k10,bm25,10,eval_0048,What are the symptoms of Erythroderma lethal congenital ?,2_GARD_QA::0002160::0002160-1,2_GARD_QA::0002160::0002160-1,2_GARD_QA::0002160::0002160,2_GARD_QA::0002160::0002160,Erythroderma lethal congenital,symptoms,1,1,1,1.0,1.0,1,1,1,1.0,1,1,1,1.0,1,1,1,1.0,1,10
rag_bm25_k10,bm25,10,eval_0049,What is the outlook for Lesch-Nyhan Syndrome ?,6_NINDS_QA::0000180::0000180-3,6_NINDS_QA::0000180::0000180-3,6_NINDS_QA::0000180::0000180,6_NINDS_QA::0000180::0000180,Lesch-Nyhan Syndrome,outlook,1,1,1,1.0,1.0,1,1,1,1.0,1,1,1,1.0,1,1,1,1.0,1,10
rag_bm25_k10,bm25,10,eval_0050,Is multiple system atrophy inherited ?,3_GHR_QA::0000696::0000696-4,3_GHR_QA::0000696::0000696-4,3_GHR_QA::0000696::0000696,3_GHR_QA::0000696::0000696,multiple system atrophy,inheritance,1,1,1,1.0,1.0,1,1,1,1.0,1,1,1,1.0,1,1,1,1.0,1,10
rag_bm25_k10,bm25,10,eval_0051,What are the symptoms of Aneurysm ?,8_NHLBI_QA_XML::0000003::0000003-6,8_NHLBI_QA_XML::0000003::0000003-6,8_NHLBI_QA_XML::0000003::0000003,8_NHLBI_QA_XML::0000003::0000003,Aneurysm,symptoms,0,0,0,0.0,0.0,0,0,0,0.0,0,0,1,0.14285714285714285,0,0,1,0.14285714285714285,1,10
rag_bm25_k10,bm25,10,eval_0052,What are the symptoms of Fetal akinesia syndrome X-linked ?,2_GARD_QA::0002334::0002334-1,2_GARD_QA::0002334::0002334-1,2_GARD_QA::0002334::0002334,2_GARD_QA::0002334::0002334,Fetal akinesia syndrome X-linked,symptoms,1,1,1,1.0,1.0,1,1,1,1.0,1,1,1,1.0,1,1,1,1.0,1,10
rag_bm25_k10,bm25,10,eval_0053,What are the treatments for Tay-Sachs disease ?,2_GARD_QA::0006017::0006017-5,2_GARD_QA::0006017::0006017-5|3_GHR_QA::0000972::0000972-5|6_NINDS_QA::0000265::0000265-2,2_GARD_QA::0006017::0006017,2_GARD_QA::0006017::0006017|3_GHR_QA::0000972::0000972|6_NINDS_QA::0000265::0000265,Tay-Sachs disease,treatment,1,1,1,1.0,1.0,0,1,1,0.3333333333333333,1,1,1,1.0,1,1,1,1.0,3,10
rag_bm25_k10,bm25,10,eval_0054,What is (are) nephrogenic diabetes insipidus ?,3_GHR_QA::0000719::0000719-1,2_GARD_QA::0004342::0004342-1|3_GHR_QA::0000719::0000719-1,3_GHR_QA::0000719::0000719,2_GARD_QA::0004342::0004342|3_GHR_QA::0000719::0000719,nephrogenic diabetes insipidus,information,0,1,1,0.5,0.6509209298071326,0,1,1,0.5,1,1,1,1.0,1,1,1,1.0,2,10
rag_bm25_k10,bm25,10,eval_0055,What is (are) Thyroid Diseases ?,4_MPlus_Health_Topics_QA::0000892::0000892-1,4_MPlus_Health_Topics_QA::0000892::0000892-1,4_MPlus_Health_Topics_QA::0000892::0000892,4_MPlus_Health_Topics_QA::0000892::0000892,Thyroid Diseases,information,1,1,1,1.0,1.0,1,1,1,1.0,1,1,1,1.0,1,1,1,1.0,1,10
rag_bm25_k10,bm25,10,eval_0056,What is (are) Parasites - Cyclosporiasis (Cyclospora Infection) ?,9_CDC_QA::0000120::0000120-1,9_CDC_QA::0000120::0000120-1,9_CDC_QA::0000120::0000120,9_CDC_QA::0000120::0000120,Parasites - Cyclosporiasis (Cyclospora Infection),information,1,1,1,1.0,1.0,1,1,1,1.0,1,1,1,1.0,1,1,1,1.0,1,10
rag_bm25_k10,bm25,10,eval_0057,Is leukoencephalopathy with brainstem and spinal cord involvement and lactate elevation inherited ?,3_GHR_QA::0000597::0000597-4,3_GHR_QA::0000597::0000597-4,3_GHR_QA::0000597::0000597,3_GHR_QA::0000597::0000597,leukoencephalopathy with brainstem and spinal cord involvement and lactate elevation,inheritance,0,1,1,0.3333333333333333,0.5,0,1,1,0.3333333333333333,1,1,1,1.0,1,1,1,1.0,1,10
rag_bm25_k10,bm25,10,eval_0058,What is (are) Congenital pulmonary alveolar proteinosis ?,2_GARD_QA::0001551::0001551-1,2_GARD_QA::0001551::0001551-1,2_GARD_QA::0001551::0001551,2_GARD_QA::0001551::0001551,Congenital pulmonary alveolar proteinosis,information,1,1,1,1.0,1.0,1,1,1,1.0,1,1,1,1.0,1,1,1,1.0,1,10
rag_bm25_k10,bm25,10,eval_0059,What is (are) Smoking ?,4_MPlus_Health_Topics_QA::0000828::0000828-1,4_MPlus_Health_Topics_QA::0000828::0000828-1,4_MPlus_Health_Topics_QA::0000828::0000828,4_MPlus_Health_Topics_QA::0000828::0000828,Smoking,information,0,1,1,0.5,0.6309297535714575,0,1,1,0.5,0,1,1,0.5,0,1,1,0.5,1,10
rag_bm25_k10,bm25,10,eval_0060,How to diagnose Parathyroid Cancer ?,1_CancerGov_QA::0000033_1::0000033_1-4,1_CancerGov_QA::0000033_1::0000033_1-4,1_CancerGov_QA::0000033_1::0000033_1,1_CancerGov_QA::0000033_1::0000033_1,Parathyroid Cancer,exams and tests,1,1,1,1.0,1.0,1,1,1,1.0,1,1,1,1.0,1,1,1,1.0,1,10
rag_bm25_k10,bm25,10,eval_0061,How to prevent Heart Palpitations ?,8_NHLBI_QA_XML::0000063::0000063-7,8_NHLBI_QA_XML::0000063::0000063-7,8_NHLBI_QA_XML::0000063::0000063,8_NHLBI_QA_XML::0000063::0000063,Heart Palpitations,prevention,1,1,1,1.0,1.0,1,1,1,1.0,1,1,1,1.0,1,1,1,1.0,1,10
rag_bm25_k10,bm25,10,eval_0062,What is (are) Dravet Syndrome ?,6_NINDS_QA::0000108::0000108-1,2_GARD_QA::0001924::0001924-1|6_NINDS_QA::0000108::0000108-1,6_NINDS_QA::0000108::0000108,2_GARD_QA::0001924::0001924|6_NINDS_QA::0000108::0000108,Dravet Syndrome,information,0,1,1,0.3333333333333333,0.5706417189553201,0,1,1,0.3333333333333333,1,1,1,1.0,1,1,1,1.0,2,10
rag_bm25_k10,bm25,10,eval_0063,What is (are) Hereditary sensory and autonomic neuropathy type V ?,2_GARD_QA::0002852::0002852-1,2_GARD_QA::0002852::0002852-1|3_GHR_QA::0000474::0000474-1,2_GARD_QA::0002852::0002852,2_GARD_QA::0002852::0002852|3_GHR_QA::0000474::0000474,Hereditary sensory and autonomic neuropathy type V,information,1,1,1,1.0,1.0,1,1,1,1.0,1,1,1,1.0,1,1,1,1.0,2,10
rag_bm25_k10,bm25,10,eval_0064,What causes Angina ?,8_NHLBI_QA_XML::0000004::0000004-3,8_NHLBI_QA_XML::0000004::0000004-3,8_NHLBI_QA_XML::0000004::0000004,8_NHLBI_QA_XML::0000004::0000004,Angina,causes,0,1,1,0.5,0.6309297535714575,0,1,1,0.5,0,1,1,0.5,0,1,1,0.5,1,10
rag_bm25_k10,bm25,10,eval_0065,What are the treatments for GM3 synthase deficiency ?,3_GHR_QA::0000431::0000431-5,3_GHR_QA::0000431::0000431-5,3_GHR_QA::0000431::0000431,3_GHR_QA::0000431::0000431,GM3 synthase deficiency,treatment,1,1,1,1.0,1.0,1,1,1,1.0,1,1,1,1.0,1,1,1,1.0,1,10
rag_bm25_k10,bm25,10,eval_0066,What is (are) 15q11.2 microdeletion ?,2_GARD_QA::0006554::0006554-1,2_GARD_QA::0006554::0006554-1,2_GARD_QA::0006554::0006554,2_GARD_QA::0006554::0006554,15q11.2 microdeletion,information,0,1,1,0.5,0.6309297535714575,0,1,1,0.5,1,1,1,1.0,1,1,1,1.0,1,10
rag_bm25_k10,bm25,10,eval_0067,What is (are) Spondyloepiphyseal dysplasia congenita ?,2_GARD_QA::0005840::0005840-1,2_GARD_QA::0005840::0005840-1|3_GHR_QA::0000947::0000947-1,2_GARD_QA::0005840::0005840,2_GARD_QA::0005840::0005840|3_GHR_QA::0000947::0000947,Spondyloepiphyseal dysplasia congenita,information,0,1,1,0.3333333333333333,0.5706417189553201,0,0,1,0.25,1,1,1,1.0,1,1,1,1.0,2,10
rag_bm25_k10,bm25,10,eval_0068,What are the treatments for Hearing Loss ?,7_SeniorHealth_QA::0000032::0000032-4,7_SeniorHealth_QA::0000032::0000032-22|7_SeniorHealth_QA::0000032::0000032-4,7_SeniorHealth_QA::0000032::0000032,7_SeniorHealth_QA::0000032::0000032,Hearing Loss,treatment,0,0,1,0.2,0.23719771276929622,0,0,1,0.2,0,0,1,0.2,0,0,1,0.2,2,10
rag_bm25_k10,bm25,10,eval_0069,What is (are) Abdominal Adhesions ?,5_NIDDK_QA::0000083::0000083-2,5_NIDDK_QA::0000083::0000083-1|5_NIDDK_QA::0000083::0000083-2,5_NIDDK_QA::0000083::0000083,5_NIDDK_QA::0000083::0000083,Abdominal Adhesions,information,0,1,1,0.5,0.6240505200038379,0,0,1,0.2,1,1,1,1.0,1,1,1,1.0,2,10
rag_bm25_k10,bm25,10,eval_0070,What are the genetic changes related to anencephaly ?,3_GHR_QA::0000057::0000057-3,3_GHR_QA::0000057::0000057-3,3_GHR_QA::0000057::0000057,3_GHR_QA::0000057::0000057,anencephaly,genetic changes,1,1,1,1.0,1.0,1,1,1,1.0,1,1,1,1.0,1,1,1,1.0,1,10
rag_bm25_k10,bm25,10,eval_0071,How to diagnose Loin pain hematuria syndrome ?,2_GARD_QA::0003662::0003662-4,2_GARD_QA::0003662::0003662-4,2_GARD_QA::0003662::0003662,2_GARD_QA::0003662::0003662,Loin pain hematuria syndrome,exams and tests,1,1,1,1.0,1.0,1,1,1,1.0,1,1,1,1.0,1,1,1,1.0,1,10
rag_bm25_k10,bm25,10,eval_0072,How many people are affected by early-onset primary dystonia ?,3_GHR_QA::0000312::0000312-2,3_GHR_QA::0000312::0000312-2,3_GHR_QA::0000312::0000312,3_GHR_QA::0000312::0000312,early-onset primary dystonia,frequency,1,1,1,1.0,1.0,1,1,1,1.0,1,1,1,1.0,1,1,1,1.0,1,10
rag_bm25_k10,bm25,10,eval_0073,Is Gordon syndrome inherited ?,2_GARD_QA::0002652::0002652-3,2_GARD_QA::0002652::0002652-3,2_GARD_QA::0002652::0002652,2_GARD_QA::0002652::0002652,Gordon syndrome,inheritance,0,1,1,0.5,0.6309297535714575,0,1,1,0.5,1,1,1,1.0,1,1,1,1.0,1,10
rag_bm25_k10,bm25,10,eval_0074,What are the stages of Childhood Acute Myeloid Leukemia and Other Myeloid Malignancies ?,1_CancerGov_QA::0000001_7::0000001_7-6,1_CancerGov_QA::0000001_7::0000001_7-6,1_CancerGov_QA::0000001_7::0000001_7,1_CancerGov_QA::0000001_7::0000001_7,Childhood Acute Myeloid Leukemia and Other Myeloid Malignancies,stages,1,1,1,1.0,1.0,1,1,1,1.0,1,1,1,1.0,1,1,1,1.0,1,10
rag_bm25_k10,bm25,10,eval_0075,What are the genetic changes related to nonsyndromic aplasia cutis congenita ?,3_GHR_QA::0000734::0000734-3,3_GHR_QA::0000734::0000734-3,3_GHR_QA::0000734::0000734,3_GHR_QA::0000734::0000734,nonsyndromic aplasia cutis congenita,genetic changes,1,1,1,1.0,1.0,1,1,1,1.0,1,1,1,1.0,1,1,1,1.0,1,10
rag_bm25_k10,bm25,10,eval_0076,How many people are affected by lattice corneal dystrophy type I ?,3_GHR_QA::0000585::0000585-2,3_GHR_QA::0000585::0000585-2,3_GHR_QA::0000585::0000585,3_GHR_QA::0000585::0000585,lattice corneal dystrophy type I,frequency,1,1,1,1.0,1.0,1,1,1,1.0,1,1,1,1.0,1,1,1,1.0,1,10
rag_bm25_k10,bm25,10,eval_0077,What are the symptoms of Familial prostate cancer ?,2_GARD_QA::0002295::0002295-2,2_GARD_QA::0002295::0002295-2,2_GARD_QA::0002295::0002295,2_GARD_QA::0002295::0002295,Familial prostate cancer,symptoms,0,1,1,0.5,0.6309297535714575,0,1,1,0.5,1,1,1,1.0,1,1,1,1.0,1,10
rag_bm25_k10,bm25,10,eval_0078,What is (are) Lennox-Gastaut Syndrome ?,6_NINDS_QA::0000179::0000179-1,2_GARD_QA::0003541::0003541-1|3_GHR_QA::0000592::0000592-1|6_NINDS_QA::0000179::0000179-1,6_NINDS_QA::0000179::0000179,2_GARD_QA::0003541::0003541|3_GHR_QA::0000592::0000592|6_NINDS_QA::0000179::0000179,Lennox-Gastaut Syndrome,information,0,1,1,0.3333333333333333,0.5833416105149332,0,0,1,0.16666666666666666,1,1,1,1.0,1,1,1,1.0,3,10
rag_bm25_k10,bm25,10,eval_0079,What is (are) Pervasive Developmental Disorders ?,6_NINDS_QA::0000231::0000231-1,6_NINDS_QA::0000231::0000231-1,6_NINDS_QA::0000231::0000231,6_NINDS_QA::0000231::0000231,Pervasive Developmental Disorders,information,0,1,1,0.5,0.6309297535714575,0,1,1,0.5,1,1,1,1.0,1,1,1,1.0,1,10
rag_bm25_k10,bm25,10,eval_0080,What is (are) Depression ?,4_MPlus_Health_Topics_QA::0000264::0000264-1,4_MPlus_Health_Topics_QA::0000264::0000264-1|7_SeniorHealth_QA::0000014::0000014-1|7_SeniorHealth_QA::0000014::0000014-10|7_SeniorHealth_QA::0000014::0000014-12,4_MPlus_Health_Topics_QA::0000264::0000264,4_MPlus_Health_Topics_QA::0000264::0000264|7_SeniorHealth_QA::0000014::0000014,Depression,information,1,1,1,1.0,0.9709286432396583,0,1,1,0.3333333333333333,1,1,1,1.0,1,1,1,1.0,4,10
rag_bm25_k10,bm25,10,eval_0081,What is (are) Klebsiella infection ?,2_GARD_QA::0003396::0003396-1,2_GARD_QA::0003396::0003396-1,2_GARD_QA::0003396::0003396,2_GARD_QA::0003396::0003396,Klebsiella infection,information,0,0,1,0.25,0.43067655807339306,0,0,1,0.25,1,1,1,1.0,1,1,1,1.0,1,10
rag_bm25_k10,bm25,10,eval_0082,How many people are affected by Urinary Tract Infection In Adults ?,5_NIDDK_QA::0000214::0000214-4,5_NIDDK_QA::0000214::0000214-4,5_NIDDK_QA::0000214::0000214,5_NIDDK_QA::0000214::0000214,Urinary Tract Infection In Adults,frequency,1,1,1,1.0,1.0,1,1,1,1.0,1,1,1,1.0,1,1,1,1.0,1,10
rag_bm25_k10,bm25,10,eval_0083,What is (are) abetalipoproteinemia ?,3_GHR_QA::0000003::0000003-1,2_GARD_QA::0000011::0000011-1|3_GHR_QA::0000003::0000003-1,3_GHR_QA::0000003::0000003,2_GARD_QA::0000011::0000011|3_GHR_QA::0000003::0000003,abetalipoproteinemia,information,1,1,1,1.0,0.8315546295836225,0,0,1,0.16666666666666666,1,1,1,1.0,1,1,1,1.0,2,10
rag_bm25_k10,bm25,10,eval_0084,What are the treatments for What I need to know about Diarrhea ?,5_NIDDK_QA::0000127::0000127-7,5_NIDDK_QA::0000127::0000127-7,5_NIDDK_QA::0000127::0000127,5_NIDDK_QA::0000127::0000127,What I need to know about Diarrhea,treatment,1,1,1,1.0,1.0,1,1,1,1.0,1,1,1,1.0,1,1,1,1.0,1,10
rag_bm25_k10,bm25,10,eval_0085,What are the symptoms of Autoimmune atrophic gastritis ?,2_GARD_QA::0000530::0000530-2,2_GARD_QA::0000530::0000530-2,2_GARD_QA::0000530::0000530,2_GARD_QA::0000530::0000530,Autoimmune atrophic gastritis,symptoms,0,1,1,0.5,0.6309297535714575,0,1,1,0.5,1,1,1,1.0,1,1,1,1.0,1,10
rag_bm25_k10,bm25,10,eval_0086,What are the symptoms of Athabaskan brainstem dysgenesis ?,2_GARD_QA::0000501::0000501-1,2_GARD_QA::0000501::0000501-1,2_GARD_QA::0000501::0000501,2_GARD_QA::0000501::0000501,Athabaskan brainstem dysgenesis,symptoms,1,1,1,1.0,1.0,1,1,1,1.0,1,1,1,1.0,1,1,1,1.0,1,10
rag_bm25_k10,bm25,10,eval_0087,How to diagnose Alzheimer's Disease ?,7_SeniorHealth_QA::0000004::0000004-20,7_SeniorHealth_QA::0000004::0000004-20|7_SeniorHealth_QA::0000004::0000004-21|7_SeniorHealth_QA::0000004::0000004-22,7_SeniorHealth_QA::0000004::0000004,7_SeniorHealth_QA::0000004::0000004,Alzheimer's Disease,exams and tests,1,1,1,1.0,1.0,1,1,1,1.0,1,1,1,1.0,1,1,1,1.0,3,10
rag_bm25_k10,bm25,10,eval_0088,Is familial hemiplegic migraine inherited ?,3_GHR_QA::0000351::0000351-4,3_GHR_QA::0000351::0000351-4,3_GHR_QA::0000351::0000351,3_GHR_QA::0000351::0000351,familial hemiplegic migraine,inheritance,1,1,1,1.0,1.0,1,1,1,1.0,1,1,1,1.0,1,1,1,1.0,1,10
rag_bm25_k10,bm25,10,eval_0089,What are the symptoms of Cone dystrophy ?,2_GARD_QA::0001459::0001459-2,2_GARD_QA::0001459::0001459-2,2_GARD_QA::0001459::0001459,2_GARD_QA::0001459::0001459,Cone dystrophy,symptoms,0,0,0,0.0,0.0,0,0,0,0.0,1,1,1,1.0,1,1,1,1.0,1,10
rag_bm25_k10,bm25,10,eval_0090,What are the treatments for Gorlin syndrome ?,3_GHR_QA::0000433::0000433-5,3_GHR_QA::0000433::0000433-5,3_GHR_QA::0000433::0000433,3_GHR_QA::0000433::0000433,Gorlin syndrome,treatment,0,1,1,0.5,0.6309297535714575,0,1,1,0.5,0,1,1,0.5,0,1,1,0.5,1,10
rag_bm25_k10,bm25,10,eval_0091,what research (or clinical trials) is being done for Skin Cancer ?,7_SeniorHealth_QA::0000063::0000063-8,1_CancerGov_QA::0000028_1::0000028_1-7|1_CancerGov_QA::0000028_4::0000028_4-4|7_SeniorHealth_QA::0000063::0000063-30|7_SeniorHealth_QA::0000063::0000063-8,7_SeniorHealth_QA::0000063::0000063,1_CancerGov_QA::0000028_1::0000028_1|1_CancerGov_QA::0000028_4::0000028_4|7_SeniorHealth_QA::0000063::0000063,Skin Cancer,research,1,1,1,1.0,0.6366824387328317,0,0,0,0.0,1,1,1,1.0,1,1,1,1.0,4,10
rag_bm25_k10,bm25,10,eval_0092,what research (or clinical trials) is being done for Iniencephaly ?,6_NINDS_QA::0000164::0000164-4,6_NINDS_QA::0000164::0000164-4,6_NINDS_QA::0000164::0000164,6_NINDS_QA::0000164::0000164,Iniencephaly,research,1,1,1,1.0,1.0,1,1,1,1.0,1,1,1,1.0,1,1,1,1.0,1,10
rag_bm25_k10,bm25,10,eval_0093,What is (are) Bedbugs ?,4_MPlus_Health_Topics_QA::0000083::0000083-1,4_MPlus_Health_Topics_QA::0000083::0000083-1,4_MPlus_Health_Topics_QA::0000083::0000083,4_MPlus_Health_Topics_QA::0000083::0000083,Bedbugs,information,1,1,1,1.0,1.0,1,1,1,1.0,1,1,1,1.0,1,1,1,1.0,1,10
rag_bm25_k10,bm25,10,eval_0094,What are the symptoms of Marfanoid hypermobility syndrome ?,2_GARD_QA::0003802::0003802-1,2_GARD_QA::0003802::0003802-1,2_GARD_QA::0003802::0003802,2_GARD_QA::0003802::0003802,Marfanoid hypermobility syndrome,symptoms,1,1,1,1.0,1.0,1,1,1,1.0,1,1,1,1.0,1,1,1,1.0,1,10
rag_bm25_k10,bm25,10,eval_0095,What are the genetic changes related to hereditary sensory neuropathy type IA ?,3_GHR_QA::0000475::0000475-3,3_GHR_QA::0000475::0000475-3,3_GHR_QA::0000475::0000475,3_GHR_QA::0000475::0000475,hereditary sensory neuropathy type IA,genetic changes,1,1,1,1.0,1.0,1,1,1,1.0,1,1,1,1.0,1,1,1,1.0,1,10
rag_bm25_k10,bm25,10,eval_0096,What is (are) Heart Failure ?,7_SeniorHealth_QA::0000034::0000034-1,4_MPlus_Health_Topics_QA::0000446::0000446-1|7_SeniorHealth_QA::0000034::0000034-1|7_SeniorHealth_QA::0000034::0000034-11|7_SeniorHealth_QA::0000034::0000034-17|7_SeniorHealth_QA::0000034::0000034-24|8_NHLBI_QA_XML::0000061::0000061-1,7_SeniorHealth_QA::0000034::0000034,4_MPlus_Health_Topics_QA::0000446::0000446|7_SeniorHealth_QA::0000034::0000034|8_NHLBI_QA_XML::0000061::0000061,Heart Failure,information,1,1,1,1.0,0.7113187596895268,0,0,1,0.1,1,1,1,1.0,1,1,1,1.0,6,10
rag_bm25_k10,bm25,10,eval_0097,What is (are) fragile X-associated primary ovarian insufficiency ?,3_GHR_QA::0000382::0000382-1,3_GHR_QA::0000382::0000382-1,3_GHR_QA::0000382::0000382,3_GHR_QA::0000382::0000382,fragile X-associated primary ovarian insufficiency,information,0,1,1,0.3333333333333333,0.5,0,1,1,0.3333333333333333,1,1,1,1.0,1,1,1,1.0,1,10
rag_bm25_k10,bm25,10,eval_0098,What are the symptoms of Birdshot chorioretinopathy ?,2_GARD_QA::0000738::0000738-2,2_GARD_QA::0000738::0000738-2,2_GARD_QA::0000738::0000738,2_GARD_QA::0000738::0000738,Birdshot chorioretinopathy,symptoms,0,1,1,0.3333333333333333,0.5,0,1,1,0.3333333333333333,1,1,1,1.0,1,1,1,1.0,1,10
rag_bm25_k10,bm25,10,eval_0099,What are the symptoms of Warm antibody hemolytic anemia ?,2_GARD_QA::0006400::0006400-2,2_GARD_QA::0006400::0006400-2,2_GARD_QA::0006400::0006400,2_GARD_QA::0006400::0006400,Warm antibody hemolytic anemia,symptoms,1,1,1,1.0,1.0,1,1,1,1.0,1,1,1,1.0,1,1,1,1.0,1,10
rag_bm25_k10,bm25,10,eval_0100,What is (are) Glutamate formiminotransferase deficiency ?,2_GARD_QA::0002601::0002601-1,2_GARD_QA::0002601::0002601-1|3_GHR_QA::0000416::0000416-1,2_GARD_QA::0002601::0002601,2_GARD_QA::0002601::0002601|3_GHR_QA::0000416::0000416,Glutamate formiminotransferase deficiency,information,0,1,1,0.3333333333333333,0.5706417189553201,0,1,1,0.3333333333333333,1,1,1,1.0,1,1,1,1.0,2,10
rag_bm25_k10,bm25,10,eval_0101,What is the outlook for Intraocular (Uveal) Melanoma ?,1_CancerGov_QA::0000017_1::0000017_1-5,1_CancerGov_QA::0000017_1::0000017_1-5,1_CancerGov_QA::0000017_1::0000017_1,1_CancerGov_QA::0000017_1::0000017_1,Intraocular (Uveal) Melanoma,outlook,1,1,1,1.0,1.0,1,1,1,1.0,1,1,1,1.0,1,1,1,1.0,1,10
rag_bm25_k10,bm25,10,eval_0102,What is (are) Rett Syndrome ?,6_NINDS_QA::0000247::0000247-1,2_GARD_QA::0005347::0005347-1|3_GHR_QA::0000874::0000874-1|4_MPlus_Health_Topics_QA::0000779::0000779-1|6_NINDS_QA::0000247::0000247-1,6_NINDS_QA::0000247::0000247,2_GARD_QA::0005347::0005347|3_GHR_QA::0000874::0000874|4_MPlus_Health_Topics_QA::0000779::0000779|6_NINDS_QA::0000247::0000247,Rett Syndrome,information,0,1,1,0.5,0.6665048698100113,0,0,1,0.16666666666666666,1,1,1,1.0,1,1,1,1.0,4,10
rag_bm25_k10,bm25,10,eval_0103,How many people are affected by lactose intolerance ?,3_GHR_QA::0000573::0000573-2,3_GHR_QA::0000573::0000573-2,3_GHR_QA::0000573::0000573,3_GHR_QA::0000573::0000573,lactose intolerance,frequency,1,1,1,1.0,1.0,1,1,1,1.0,1,1,1,1.0,1,1,1,1.0,1,10
rag_bm25_k10,bm25,10,eval_0104,What are the symptoms of Oculomaxillofacial dysostosis ?,2_GARD_QA::0004511::0004511-1,2_GARD_QA::0004511::0004511-1,2_GARD_QA::0004511::0004511,2_GARD_QA::0004511::0004511,Oculomaxillofacial dysostosis,symptoms,1,1,1,1.0,1.0,1,1,1,1.0,1,1,1,1.0,1,1,1,1.0,1,10
rag_bm25_k10,bm25,10,eval_0105,What are the genetic changes related to familial cold autoinflammatory syndrome ?,3_GHR_QA::0000342::0000342-3,3_GHR_QA::0000342::0000342-3,3_GHR_QA::0000342::0000342,3_GHR_QA::0000342::0000342,familial cold autoinflammatory syndrome,genetic changes,1,1,1,1.0,1.0,1,1,1,1.0,1,1,1,1.0,1,1,1,1.0,1,10
rag_bm25_k10,bm25,10,eval_0106,What is (are) GLUT1 deficiency syndrome ?,3_GHR_QA::0000415::0000415-1,3_GHR_QA::0000415::0000415-1,3_GHR_QA::0000415::0000415,3_GHR_QA::0000415::0000415,GLUT1 deficiency syndrome,information,0,0,1,0.25,0.43067655807339306,0,0,1,0.25,1,1,1,1.0,1,1,1,1.0,1,10
rag_bm25_k10,bm25,10,eval_0107,What are the symptoms of Thoraco abdominal enteric duplication ?,2_GARD_QA::0006070::0006070-1,2_GARD_QA::0006070::0006070-1,2_GARD_QA::0006070::0006070,2_GARD_QA::0006070::0006070,Thoraco abdominal enteric duplication,symptoms,1,1,1,1.0,1.0,1,1,1,1.0,1,1,1,1.0,1,1,1,1.0,1,10
rag_bm25_k10,bm25,10,eval_0108,What is (are) Legionnaires' Disease ?,4_MPlus_Health_Topics_QA::0000552::0000552-1,4_MPlus_Health_Topics_QA::0000552::0000552-1,4_MPlus_Health_Topics_QA::0000552::0000552,4_MPlus_Health_Topics_QA::0000552::0000552,Legionnaires' Disease,information,1,1,1,1.0,1.0,1,1,1,1.0,1,1,1,1.0,1,1,1,1.0,1,10
rag_bm25_k10,bm25,10,eval_0109,what research (or clinical trials) is being done for Diabetic Retinopathy ?,7_SeniorHealth_QA::0000016::0000016-21,7_SeniorHealth_QA::0000016::0000016-21,7_SeniorHealth_QA::0000016::0000016,7_SeniorHealth_QA::0000016::0000016,Diabetic Retinopathy,research,1,1,1,1.0,1.0,1,1,1,1.0,1,1,1,1.0,1,1,1,1.0,1,10
rag_bm25_k10,bm25,10,eval_0110,What is (are) Adult Primary Liver Cancer ?,1_CancerGov_QA::0000007_1::0000007_1-1,1_CancerGov_QA::0000007_1::0000007_1-1,1_CancerGov_QA::0000007_1::0000007_1,1_CancerGov_QA::0000007_1::0000007_1,Adult Primary Liver Cancer,information,1,1,1,1.0,1.0,1,1,1,1.0,1,1,1,1.0,1,1,1,1.0,1,10
rag_bm25_k10,bm25,10,eval_0111,What is (are) Brain Aneurysm ?,4_MPlus_Health_Topics_QA::0000124::0000124-1,4_MPlus_Health_Topics_QA::0000124::0000124-1,4_MPlus_Health_Topics_QA::0000124::0000124,4_MPlus_Health_Topics_QA::0000124::0000124,Brain Aneurysm,information,1,1,1,1.0,1.0,1,1,1,1.0,1,1,1,1.0,1,1,1,1.0,1,10
rag_bm25_k10,bm25,10,eval_0112,What are the treatments for Frontotemporal Dementia ?,6_NINDS_QA::0000100::0000100-2,6_NINDS_QA::0000100::0000100-2,6_NINDS_QA::0000100::0000100,6_NINDS_QA::0000100::0000100,Frontotemporal Dementia,treatment,0,1,1,0.3333333333333333,0.5,0,1,1,0.3333333333333333,0,1,1,0.3333333333333333,0,1,1,0.3333333333333333,1,10
rag_bm25_k10,bm25,10,eval_0113,What is (are) Anencephaly ?,2_GARD_QA::0000341::0000341-1,2_GARD_QA::0000341::0000341-1|3_GHR_QA::0000057::0000057-1|6_NINDS_QA::0000019::0000019-1,2_GARD_QA::0000341::0000341,2_GARD_QA::0000341::0000341|3_GHR_QA::0000057::0000057|6_NINDS_QA::0000019::0000019,Anencephaly,information,0,1,1,0.5,0.6978817289434457,0,1,1,0.3333333333333333,1,1,1,1.0,1,1,1,1.0,3,10
rag_bm25_k10,bm25,10,eval_0114,What are the symptoms of Joubert syndrome 2 ?,2_GARD_QA::0003309::0003309-1,2_GARD_QA::0003309::0003309-1,2_GARD_QA::0003309::0003309,2_GARD_QA::0003309::0003309,Joubert syndrome 2,symptoms,0,1,1,0.5,0.6309297535714575,0,1,1,0.5,0,1,1,0.5,0,1,1,0.5,1,10
rag_bm25_k10,bm25,10,eval_0115,What is (are) Cerebellar Hypoplasia ?,6_NINDS_QA::0000067::0000067-1,6_NINDS_QA::0000067::0000067-1,6_NINDS_QA::0000067::0000067,6_NINDS_QA::0000067::0000067,Cerebellar Hypoplasia,information,0,0,1,0.2,0.38685280723454163,0,0,1,0.2,1,1,1,1.0,1,1,1,1.0,1,10
rag_bm25_k10,bm25,10,eval_0116,Is Cold agglutinin disease inherited ?,2_GARD_QA::0001415::0001415-4,2_GARD_QA::0001415::0001415-4,2_GARD_QA::0001415::0001415,2_GARD_QA::0001415::0001415,Cold agglutinin disease,inheritance,1,1,1,1.0,1.0,1,1,1,1.0,1,1,1,1.0,1,1,1,1.0,1,10
rag_bm25_k10,bm25,10,eval_0117,What is (are) Frontonasal dysplasia ?,2_GARD_QA::0002446::0002446-1,2_GARD_QA::0002446::0002446-1|3_GHR_QA::0000390::0000390-1,2_GARD_QA::0002446::0002446,2_GARD_QA::0002446::0002446|3_GHR_QA::0000390::0000390,Frontonasal dysplasia,information,1,1,1,1.0,0.9197207891481876,0,1,1,0.3333333333333333,1,1,1,1.0,1,1,1,1.0,2,10
rag_bm25_k10,bm25,10,eval_0118,Is COL4A1-related brain small-vessel disease inherited ?,3_GHR_QA::0000199::0000199-4,3_GHR_QA::0000199::0000199-4,3_GHR_QA::0000199::0000199,3_GHR_QA::0000199::0000199,COL4A1-related brain small-vessel disease,inheritance,1,1,1,1.0,1.0,1,1,1,1.0,1,1,1,1.0,1,1,1,1.0,1,10
rag_bm25_k10,bm25,10,eval_0119,What causes Polycystic Kidney Disease ?,5_NIDDK_QA::0000167::0000167-2,5_NIDDK_QA::0000167::0000167-2,5_NIDDK_QA::0000167::0000167,5_NIDDK_QA::0000167::0000167,Polycystic Kidney Disease,causes,0,0,1,0.16666666666666666,0.3562071871080222,0,0,1,0.16666666666666666,0,1,1,0.5,1,1,1,1.0,1,10
rag_bm25_k10,bm25,10,eval_0120,Is X-linked dystonia-parkinsonism inherited ?,3_GHR_QA::0001051::0001051-4,3_GHR_QA::0001051::0001051-4,3_GHR_QA::0001051::0001051,3_GHR_QA::0001051::0001051,X-linked dystonia-parkinsonism,inheritance,1,1,1,1.0,1.0,1,1,1,1.0,1,1,1,1.0,1,1,1,1.0,1,10
rag_bm25_k10,bm25,10,eval_0121,What are the symptoms of Troyer syndrome ?,2_GARD_QA::0006224::0006224-2,2_GARD_QA::0006224::0006224-2,2_GARD_QA::0006224::0006224,2_GARD_QA::0006224::0006224,Troyer syndrome,symptoms,0,0,1,0.125,0.31546487678572877,0,0,1,0.125,0,0,1,0.25,1,1,1,1.0,1,10
rag_bm25_k10,bm25,10,eval_0122,What are the treatments for Noonan syndrome 1 ?,2_GARD_QA::0004451::0004451-3,2_GARD_QA::0004451::0004451-3,2_GARD_QA::0004451::0004451,2_GARD_QA::0004451::0004451,Noonan syndrome 1,treatment,1,1,1,1.0,1.0,1,1,1,1.0,1,1,1,1.0,1,1,1,1.0,1,10
rag_bm25_k10,bm25,10,eval_0123,What is (are) Familial hemiplegic migraine ?,2_GARD_QA::0002254::0002254-1,2_GARD_QA::0002254::0002254-1|3_GHR_QA::0000351::0000351-1,2_GARD_QA::0002254::0002254,2_GARD_QA::0002254::0002254|3_GHR_QA::0000351::0000351,Familial hemiplegic migraine,information,1,1,1,1.0,0.7977228895450266,1,1,1,1.0,1,1,1,1.0,1,1,1,1.0,2,10
rag_bm25_k10,bm25,10,eval_0124,What are the symptoms of Goodpasture Syndrome ?,5_NIDDK_QA::0000145::0000145-3,5_NIDDK_QA::0000145::0000145-3,5_NIDDK_QA::0000145::0000145,5_NIDDK_QA::0000145::0000145,Goodpasture Syndrome,symptoms,0,1,1,0.5,0.6309297535714575,0,1,1,0.5,1,1,1,1.0,1,1,1,1.0,1,10
rag_bm25_k10,bm25,10,eval_0125,What are the symptoms of Multisystemic smooth muscle dysfunction syndrome ?,2_GARD_QA::0004212::0004212-2,2_GARD_QA::0004212::0004212-2,2_GARD_QA::0004212::0004212,2_GARD_QA::0004212::0004212,Multisystemic smooth muscle dysfunction syndrome,symptoms,0,1,1,0.5,0.6309297535714575,0,1,1,0.5,1,1,1,1.0,1,1,1,1.0,1,10
rag_bm25_k10,bm25,10,eval_0126,What are the treatments for hereditary myopathy with early respiratory failure ?,3_GHR_QA::0000467::0000467-5,3_GHR_QA::0000467::0000467-5,3_GHR_QA::0000467::0000467,3_GHR_QA::0000467::0000467,hereditary myopathy with early respiratory failure,treatment,1,1,1,1.0,1.0,1,1,1,1.0,1,1,1,1.0,1,1,1,1.0,1,10
rag_bm25_k10,bm25,10,eval_0127,What are the genetic changes related to Brugada syndrome ?,3_GHR_QA::0000140::0000140-3,3_GHR_QA::0000140::0000140-3,3_GHR_QA::0000140::0000140,3_GHR_QA::0000140::0000140,Brugada syndrome,genetic changes,1,1,1,1.0,1.0,1,1,1,1.0,1,1,1,1.0,1,1,1,1.0,1,10
rag_bm25_k10,bm25,10,eval_0128,"What is (are) Parasites - Lice - Pubic ""Crab"" Lice ?",9_CDC_QA::0000339::0000339-1,9_CDC_QA::0000339::0000339-1,9_CDC_QA::0000339::0000339,9_CDC_QA::0000339::0000339,"Parasites - Lice - Pubic ""Crab"" Lice",information,1,1,1,1.0,1.0,1,1,1,1.0,1,1,1,1.0,1,1,1,1.0,1,10
rag_bm25_k10,bm25,10,eval_0129,What are the symptoms of Aniridia ?,2_GARD_QA::0000362::0000362-2,2_GARD_QA::0000362::0000362-2,2_GARD_QA::0000362::0000362,2_GARD_QA::0000362::0000362,Aniridia,symptoms,0,0,1,0.2,0.38685280723454163,0,0,1,0.2,0,0,1,0.2,1,1,1,1.0,1,10
rag_bm25_k10,bm25,10,eval_0130,What are the symptoms of Hemifacial microsomia ?,2_GARD_QA::0002760::0002760-2,2_GARD_QA::0002760::0002760-2,2_GARD_QA::0002760::0002760,2_GARD_QA::0002760::0002760,Hemifacial microsomia,symptoms,0,0,1,0.14285714285714285,0.3333333333333333,0,0,1,0.14285714285714285,1,1,1,1.0,1,1,1,1.0,1,10
rag_bm25_k10,bm25,10,eval_0131,Do you have information about Farm Health and Safety,4_MPlus_Health_Topics_QA::0000354::0000354-1,4_MPlus_Health_Topics_QA::0000354::0000354-1,4_MPlus_Health_Topics_QA::0000354::0000354,4_MPlus_Health_Topics_QA::0000354::0000354,Farm Health and Safety,information,1,1,1,1.0,1.0,1,1,1,1.0,1,1,1,1.0,1,1,1,1.0,1,10
rag_bm25_k10,bm25,10,eval_0132,What is (are) Legius syndrome ?,3_GHR_QA::0000590::0000590-1,3_GHR_QA::0000590::0000590-1,3_GHR_QA::0000590::0000590,3_GHR_QA::0000590::0000590,Legius syndrome,information,1,1,1,1.0,1.0,1,1,1,1.0,1,1,1,1.0,1,1,1,1.0,1,10
rag_bm25_k10,bm25,10,eval_0133,What is (are) Diabetic Retinopathy ?,7_SeniorHealth_QA::0000016::0000016-1,7_SeniorHealth_QA::0000016::0000016-1|7_SeniorHealth_QA::0000016::0000016-13|7_SeniorHealth_QA::0000016::0000016-17|7_SeniorHealth_QA::0000016::0000016-26|7_SeniorHealth_QA::0000016::0000016-6|7_SeniorHealth_QA::0000016::0000016-7,7_SeniorHealth_QA::0000016::0000016,7_SeniorHealth_QA::0000016::0000016,Diabetic Retinopathy,information,1,1,1,1.0,0.892210845475489,1,1,1,1.0,1,1,1,1.0,1,1,1,1.0,6,10
rag_bm25_k10,bm25,10,eval_0134,Do you have information about Ozone,4_MPlus_Health_Topics_QA::0000677::0000677-1,4_MPlus_Health_Topics_QA::0000677::0000677-1,4_MPlus_Health_Topics_QA::0000677::0000677,4_MPlus_Health_Topics_QA::0000677::0000677,Ozone,information,1,1,1,1.0,1.0,1,1,1,1.0,1,1,1,1.0,1,1,1,1.0,1,10
rag_bm25_k10,bm25,10,eval_0135,What is (are) Nance-Horan syndrome ?,2_GARD_QA::0004310::0004310-1,2_GARD_QA::0004310::0004310-1,2_GARD_QA::0004310::0004310,2_GARD_QA::0004310::0004310,Nance-Horan syndrome,information,0,1,1,0.5,0.6309297535714575,0,1,1,0.5,1,1,1,1.0,1,1,1,1.0,1,10
rag_bm25_k10,bm25,10,eval_0136,What are the treatments for Postural orthostatic tachycardia syndrome ?,2_GARD_QA::0005004::0005004-6,2_GARD_QA::0005004::0005004-6,2_GARD_QA::0005004::0005004,2_GARD_QA::0005004::0005004,Postural orthostatic tachycardia syndrome,treatment,1,1,1,1.0,1.0,1,1,1,1.0,1,1,1,1.0,1,1,1,1.0,1,10
rag_bm25_k10,bm25,10,eval_0137,How many people are affected by Bart-Pumphrey syndrome ?,3_GHR_QA::0000109::0000109-2,3_GHR_QA::0000109::0000109-2,3_GHR_QA::0000109::0000109,3_GHR_QA::0000109::0000109,Bart-Pumphrey syndrome,frequency,1,1,1,1.0,1.0,1,1,1,1.0,1,1,1,1.0,1,1,1,1.0,1,10
rag_bm25_k10,bm25,10,eval_0138,What are the genetic changes related to osteoporosis-pseudoglioma syndrome ?,3_GHR_QA::0000760::0000760-3,3_GHR_QA::0000760::0000760-3,3_GHR_QA::0000760::0000760,3_GHR_QA::0000760::0000760,osteoporosis-pseudoglioma syndrome,genetic changes,1,1,1,1.0,1.0,1,1,1,1.0,1,1,1,1.0,1,1,1,1.0,1,10
rag_bm25_k10,bm25,10,eval_0139,Is 22q13.3 deletion syndrome inherited ?,3_GHR_QA::0001086::0001086-4,3_GHR_QA::0001086::0001086-4,3_GHR_QA::0001086::0001086,3_GHR_QA::0001086::0001086,22q13.3 deletion syndrome,inheritance,1,1,1,1.0,1.0,1,1,1,1.0,1,1,1,1.0,1,1,1,1.0,1,10
rag_bm25_k10,bm25,10,eval_0140,What are the treatments for Progressive Supranuclear Palsy ?,6_NINDS_QA::0000242::0000242-2,3_GHR_QA::0000832::0000832-5|6_NINDS_QA::0000242::0000242-2,6_NINDS_QA::0000242::0000242,3_GHR_QA::0000832::0000832|6_NINDS_QA::0000242::0000242,Progressive Supranuclear Palsy,treatment,1,1,1,1.0,0.8503449055347546,0,0,1,0.2,1,1,1,1.0,1,1,1,1.0,2,10
rag_bm25_k10,bm25,10,eval_0141,How many people are affected by Sotos syndrome ?,3_GHR_QA::0000923::0000923-2,3_GHR_QA::0000923::0000923-2,3_GHR_QA::0000923::0000923,3_GHR_QA::0000923::0000923,Sotos syndrome,frequency,1,1,1,1.0,1.0,1,1,1,1.0,1,1,1,1.0,1,1,1,1.0,1,10
rag_bm25_k10,bm25,10,eval_0142,Is Neutral lipid storage disease with myopathy inherited ?,2_GARD_QA::0004401::0004401-4,2_GARD_QA::0004401::0004401-4|3_GHR_QA::0000729::0000729-4,2_GARD_QA::0004401::0004401,2_GARD_QA::0004401::0004401|3_GHR_QA::0000729::0000729,Neutral lipid storage disease with myopathy,inheritance,1,1,1,1.0,0.8772153153380493,1,1,1,1.0,1,1,1,1.0,1,1,1,1.0,2,10
rag_bm25_k10,bm25,10,eval_0143,Is Costeff syndrome inherited ?,3_GHR_QA::0000244::0000244-4,3_GHR_QA::0000244::0000244-4,3_GHR_QA::0000244::0000244,3_GHR_QA::0000244::0000244,Costeff syndrome,inheritance,1,1,1,1.0,1.0,1,1,1,1.0,1,1,1,1.0,1,1,1,1.0,1,10
rag_bm25_k10,bm25,10,eval_0144,What are the symptoms of Lymphomatoid papulosis ?,2_GARD_QA::0003715::0003715-2,2_GARD_QA::0003715::0003715-2,2_GARD_QA::0003715::0003715,2_GARD_QA::0003715::0003715,Lymphomatoid papulosis,symptoms,0,1,1,0.3333333333333333,0.5,0,1,1,0.3333333333333333,1,1,1,1.0,1,1,1,1.0,1,10
rag_bm25_k10,bm25,10,eval_0145,What is (are) Mitochondrial genetic disorders ?,2_GARD_QA::0004086::0004086-1,2_GARD_QA::0004086::0004086-1,2_GARD_QA::0004086::0004086,2_GARD_QA::0004086::0004086,Mitochondrial genetic disorders,information,0,1,1,0.5,0.6309297535714575,0,1,1,0.5,1,1,1,1.0,1,1,1,1.0,1,10
rag_bm25_k10,bm25,10,eval_0146,What causes Pontocerebellar hypoplasia type 1 ?,2_GARD_QA::0004971::0004971-3,2_GARD_QA::0004971::0004971-3,2_GARD_QA::0004971::0004971,2_GARD_QA::0004971::0004971,Pontocerebellar hypoplasia type 1,causes,0,1,1,0.5,0.6309297535714575,0,1,1,0.5,1,1,1,1.0,1,1,1,1.0,1,10
rag_bm25_k10,bm25,10,eval_0147,how is rabies diagnosed?,9_CDC_QA::0000342::0000342-6,9_CDC_QA::0000342::0000342-6,9_CDC_QA::0000342::0000342,9_CDC_QA::0000342::0000342,Rabies,exams and tests,1,1,1,1.0,1.0,1,1,1,1.0,1,1,1,1.0,1,1,1,1.0,1,10
rag_bm25_k10,bm25,10,eval_0148,What causes Wilson Disease ?,5_NIDDK_QA::0000133::0000133-3,2_GARD_QA::0006449::0006449-3|5_NIDDK_QA::0000133::0000133-3,5_NIDDK_QA::0000133::0000133,2_GARD_QA::0006449::0006449|5_NIDDK_QA::0000133::0000133,Wilson Disease,causes,1,1,1,1.0,0.6131471927654584,0,0,0,0.0,1,1,1,1.0,1,1,1,1.0,2,10
rag_bm25_k10,bm25,10,eval_0149,Is Romano-Ward syndrome inherited ?,3_GHR_QA::0000883::0000883-4,3_GHR_QA::0000883::0000883-4,3_GHR_QA::0000883::0000883,3_GHR_QA::0000883::0000883,Romano-Ward syndrome,inheritance,1,1,1,1.0,1.0,1,1,1,1.0,1,1,1,1.0,1,1,1,1.0,1,10
rag_bm25_k10,bm25,10,eval_0150,Who is at risk for Osteoporosis? ?,7_SeniorHealth_QA::0000050::0000050-15,7_SeniorHealth_QA::0000050::0000050-13|7_SeniorHealth_QA::0000050::0000050-14|7_SeniorHealth_QA::0000050::0000050-15|7_SeniorHealth_QA::0000050::0000050-16|7_SeniorHealth_QA::0000050::0000050-19|7_SeniorHealth_QA::0000050::0000050-2,7_SeniorHealth_QA::0000050::0000050,7_SeniorHealth_QA::0000050::0000050,Osteoporosis,susceptibility,1,1,1,1.0,0.8760157235037966,0,0,0,0.0,1,1,1,1.0,1,1,1,1.0,6,10
rag_bm25_k10,bm25,10,eval_0151,How many people are affected by metatropic dysplasia ?,3_GHR_QA::0000648::0000648-2,3_GHR_QA::0000648::0000648-2,3_GHR_QA::0000648::0000648,3_GHR_QA::0000648::0000648,metatropic dysplasia,frequency,1,1,1,1.0,1.0,1,1,1,1.0,1,1,1,1.0,1,1,1,1.0,1,10
rag_bm25_k10,bm25,10,eval_0152,Who is at risk for Breast Cancer? ?,7_SeniorHealth_QA::0000008::0000008-13,1_CancerGov_QA::0000027_1::0000027_1-2|1_CancerGov_QA::0000027_3::0000027_3-2|1_CancerGov_QA::0000027_4::0000027_4-3|1_CancerGov_QA::0000027_5::0000027_5-2|7_SeniorHealth_QA::0000008::0000008-13|7_SeniorHealth_QA::0000008::0000008-16|7_SeniorHealth_QA::0000008::0000008-2|7_SeniorHealth_QA::0000008::0000008-26|7_SeniorHealth_QA::0000008::0000008-3,7_SeniorHealth_QA::0000008::0000008,1_CancerGov_QA::0000027_1::0000027_1|1_CancerGov_QA::0000027_3::0000027_3|1_CancerGov_QA::0000027_4::0000027_4|1_CancerGov_QA::0000027_5::0000027_5|7_SeniorHealth_QA::0000008::0000008,Breast Cancer,susceptibility,1,1,1,1.0,0.795939951490774,0,0,0,0.0,1,1,1,1.0,1,1,1,1.0,9,10
rag_bm25_k10,bm25,10,eval_0153,What are the symptoms of Mucopolysaccharidosis type IIID ?,2_GARD_QA::0004161::0004161-2,2_GARD_QA::0004161::0004161-2,2_GARD_QA::0004161::0004161,2_GARD_QA::0004161::0004161,Mucopolysaccharidosis type IIID,symptoms,0,1,1,0.5,0.6309297535714575,0,1,1,0.5,1,1,1,1.0,1,1,1,1.0,1,10
rag_bm25_k10,bm25,10,eval_0154,How many people are affected by autosomal dominant hypocalcemia ?,3_GHR_QA::0000092::0000092-2,3_GHR_QA::0000092::0000092-2,3_GHR_QA::0000092::0000092,3_GHR_QA::0000092::0000092,autosomal dominant hypocalcemia,frequency,1,1,1,1.0,1.0,1,1,1,1.0,1,1,1,1.0,1,1,1,1.0,1,10
rag_bm25_k10,bm25,10,eval_0155,What are the symptoms of RHYNS syndrome ?,2_GARD_QA::0005370::0005370-1,2_GARD_QA::0005370::0005370-1,2_GARD_QA::0005370::0005370,2_GARD_QA::0005370::0005370,RHYNS syndrome,symptoms,1,1,1,1.0,1.0,1,1,1,1.0,1,1,1,1.0,1,1,1,1.0,1,10
rag_bm25_k10,bm25,10,eval_0156,What are the treatments for progressive familial intrahepatic cholestasis ?,3_GHR_QA::0000829::0000829-5,3_GHR_QA::0000829::0000829-5,3_GHR_QA::0000829::0000829,3_GHR_QA::0000829::0000829,progressive familial intrahepatic cholestasis,treatment,1,1,1,1.0,1.0,1,1,1,1.0,1,1,1,1.0,1,1,1,1.0,1,10
rag_bm25_k10,bm25,10,eval_0157,What are the symptoms of Tracheobronchomalacia ?,2_GARD_QA::0006138::0006138-2,2_GARD_QA::0006138::0006138-2,2_GARD_QA::0006138::0006138,2_GARD_QA::0006138::0006138,Tracheobronchomalacia,symptoms,1,1,1,1.0,1.0,1,1,1,1.0,1,1,1,1.0,1,1,1,1.0,1,10
rag_bm25_k10,bm25,10,eval_0158,What causes Proctitis ?,5_NIDDK_QA::0000119::0000119-3,5_NIDDK_QA::0000119::0000119-3|5_NIDDK_QA::0000119::0000119-4,5_NIDDK_QA::0000119::0000119,5_NIDDK_QA::0000119::0000119,Proctitis,causes,0,1,1,0.5,0.6934264036172708,0,1,1,0.3333333333333333,1,1,1,1.0,1,1,1,1.0,2,10
rag_bm25_k10,bm25,10,eval_0159,How many people are affected by hereditary diffuse gastric cancer ?,3_GHR_QA::0000458::0000458-2,3_GHR_QA::0000458::0000458-2,3_GHR_QA::0000458::0000458,3_GHR_QA::0000458::0000458,hereditary diffuse gastric cancer,frequency,1,1,1,1.0,1.0,1,1,1,1.0,1,1,1,1.0,1,1,1,1.0,1,10
rag_bm25_k10,bm25,10,eval_0160,"What causes Ehlers-Danlos syndrome, progeroid type ?",2_GARD_QA::0002061::0002061-3,2_GARD_QA::0002061::0002061-3,2_GARD_QA::0002061::0002061,2_GARD_QA::0002061::0002061,"Ehlers-Danlos syndrome, progeroid type",causes,1,1,1,1.0,1.0,1,1,1,1.0,1,1,1,1.0,1,1,1,1.0,1,10
rag_bm25_k10,bm25,10,eval_0161,What are the symptoms of Sarcoidosis ?,8_NHLBI_QA_XML::0000116::0000116-4,2_GARD_QA::0005471::0005471-2|8_NHLBI_QA_XML::0000116::0000116-4,8_NHLBI_QA_XML::0000116::0000116,2_GARD_QA::0005471::0005471|8_NHLBI_QA_XML::0000116::0000116,Sarcoidosis,symptoms,0,0,1,0.2,0.42177340954886444,0,0,1,0.1111111111111111,1,1,1,1.0,1,1,1,1.0,2,10
rag_bm25_k10,bm25,10,eval_0162,How many people are affected by atypical hemolytic-uremic syndrome ?,3_GHR_QA::0000085::0000085-2,3_GHR_QA::0000085::0000085-2,3_GHR_QA::0000085::0000085,3_GHR_QA::0000085::0000085,atypical hemolytic-uremic syndrome,frequency,1,1,1,1.0,1.0,1,1,1,1.0,1,1,1,1.0,1,1,1,1.0,1,10
rag_bm25_k10,bm25,10,eval_0163,What are the treatments for Ghosal hematodiaphyseal dysplasia ?,3_GHR_QA::0000404::0000404-5,3_GHR_QA::0000404::0000404-5,3_GHR_QA::0000404::0000404,3_GHR_QA::0000404::0000404,Ghosal hematodiaphyseal dysplasia,treatment,1,1,1,1.0,1.0,1,1,1,1.0,1,1,1,1.0,1,1,1,1.0,1,10
rag_bm25_k10,bm25,10,eval_0164,What is (are) Diabetes mellitus type 1 ?,2_GARD_QA::0001824::0001824-1,2_GARD_QA::0001824::0001824-1,2_GARD_QA::0001824::0001824,2_GARD_QA::0001824::0001824,Diabetes mellitus type 1,information,0,0,1,0.14285714285714285,0.3333333333333333,0,0,1,0.14285714285714285,1,1,1,1.0,1,1,1,1.0,1,10
rag_bm25_k10,bm25,10,eval_0165,What is (are) glucose-6-phosphate dehydrogenase deficiency ?,3_GHR_QA::0000413::0000413-1,2_GARD_QA::0002595::0002595-1|3_GHR_QA::0000413::0000413-1,3_GHR_QA::0000413::0000413,2_GARD_QA::0002595::0002595|3_GHR_QA::0000413::0000413,glucose-6-phosphate dehydrogenase deficiency,information,0,1,1,0.5,0.6934264036172708,0,1,1,0.5,1,1,1,1.0,1,1,1,1.0,2,10
rag_bm25_k10,bm25,10,eval_0166,What are the treatments for Factor XIII deficiency ?,2_GARD_QA::0002222::0002222-3,2_GARD_QA::0002222::0002222-3|3_GHR_QA::0000338::0000338-5,2_GARD_QA::0002222::0002222,2_GARD_QA::0002222::0002222|3_GHR_QA::0000338::0000338,Factor XIII deficiency,treatment,1,1,1,1.0,1.0,0,1,1,0.5,1,1,1,1.0,1,1,1,1.0,2,10
rag_bm25_k10,bm25,10,eval_0167,What are the symptoms of Spastic paraplegia 2 ?,2_GARD_QA::0005709::0005709-1,2_GARD_QA::0005709::0005709-1,2_GARD_QA::0005709::0005709,2_GARD_QA::0005709::0005709,Spastic paraplegia 2,symptoms,0,0,1,0.25,0.43067655807339306,0,0,1,0.25,0,0,1,0.25,0,0,1,0.25,1,10
rag_bm25_k10,bm25,10,eval_0168,"What are the treatments for Crigler Najjar syndrome, type 2 ?",2_GARD_QA::0001666::0001666-3,2_GARD_QA::0001666::0001666-3,2_GARD_QA::0001666::0001666,2_GARD_QA::0001666::0001666,"Crigler Najjar syndrome, type 2",treatment,1,1,1,1.0,1.0,1,1,1,1.0,1,1,1,1.0,1,1,1,1.0,1,10
rag_bm25_k10,bm25,10,eval_0169,What are the symptoms of Gupta Patton syndrome ?,2_GARD_QA::0002699::0002699-1,2_GARD_QA::0002699::0002699-1,2_GARD_QA::0002699::0002699,2_GARD_QA::0002699::0002699,Gupta Patton syndrome,symptoms,1,1,1,1.0,1.0,1,1,1,1.0,1,1,1,1.0,1,1,1,1.0,1,10
rag_bm25_k10,bm25,10,eval_0170,How to diagnose Multiple myeloma ?,2_GARD_QA::0004199::0004199-4,2_GARD_QA::0004199::0004199-4,2_GARD_QA::0004199::0004199,2_GARD_QA::0004199::0004199,Multiple myeloma,exams and tests,1,1,1,1.0,1.0,1,1,1,1.0,1,1,1,1.0,1,1,1,1.0,1,10
rag_bm25_k10,bm25,10,eval_0171,What are the genetic changes related to RAPADILINO syndrome ?,3_GHR_QA::0000858::0000858-3,3_GHR_QA::0000858::0000858-3,3_GHR_QA::0000858::0000858,3_GHR_QA::0000858::0000858,RAPADILINO syndrome,genetic changes,1,1,1,1.0,1.0,1,1,1,1.0,1,1,1,1.0,1,1,1,1.0,1,10
rag_bm25_k10,bm25,10,eval_0172,Who is at risk for Childhood Soft Tissue Sarcoma? ?,1_CancerGov_QA::0000003_5::0000003_5-2,1_CancerGov_QA::0000003_5::0000003_5-2,1_CancerGov_QA::0000003_5::0000003_5,1_CancerGov_QA::0000003_5::0000003_5,Childhood Soft Tissue Sarcoma,susceptibility,1,1,1,1.0,1.0,1,1,1,1.0,1,1,1,1.0,1,1,1,1.0,1,10
rag_bm25_k10,bm25,10,eval_0173,What is (are) Angelman syndrome ?,3_GHR_QA::0000058::0000058-1,2_GARD_QA::0000347::0000347-1|3_GHR_QA::0000058::0000058-1|6_NINDS_QA::0000021::0000021-1,3_GHR_QA::0000058::0000058,2_GARD_QA::0000347::0000347|3_GHR_QA::0000058::0000058|6_NINDS_QA::0000021::0000021,Angelman syndrome,information,0,1,1,0.5,0.6546154994739983,0,0,1,0.14285714285714285,1,1,1,1.0,1,1,1,1.0,3,10
rag_bm25_k10,bm25,10,eval_0174,"What are the treatments for Epidermolysis bullosa simplex, generalized ?",2_GARD_QA::0002126::0002126-3,2_GARD_QA::0002126::0002126-3,2_GARD_QA::0002126::0002126,2_GARD_QA::0002126::0002126,"Epidermolysis bullosa simplex, generalized",treatment,1,1,1,1.0,1.0,1,1,1,1.0,1,1,1,1.0,1,1,1,1.0,1,10
rag_bm25_k10,bm25,10,eval_0175,What are the symptoms of Hypertrichosis lanuginosa congenita ?,2_GARD_QA::0003027::0003027-2,2_GARD_QA::0003027::0003027-2,2_GARD_QA::0003027::0003027,2_GARD_QA::0003027::0003027,Hypertrichosis lanuginosa congenita,symptoms,0,1,1,0.5,0.6309297535714575,0,1,1,0.5,1,1,1,1.0,1,1,1,1.0,1,10
rag_bm25_k10,bm25,10,eval_0176,Is cyclic neutropenia inherited ?,3_GHR_QA::0000260::0000260-4,3_GHR_QA::0000260::0000260-4,3_GHR_QA::0000260::0000260,3_GHR_QA::0000260::0000260,cyclic neutropenia,inheritance,1,1,1,1.0,1.0,1,1,1,1.0,1,1,1,1.0,1,1,1,1.0,1,10
rag_bm25_k10,bm25,10,eval_0177,What are the symptoms of Retinal cone dystrophy 4 ?,2_GARD_QA::0005326::0005326-1,2_GARD_QA::0005326::0005326-1,2_GARD_QA::0005326::0005326,2_GARD_QA::0005326::0005326,Retinal cone dystrophy 4,symptoms,1,1,1,1.0,1.0,1,1,1,1.0,1,1,1,1.0,1,1,1,1.0,1,10
rag_bm25_k10,bm25,10,eval_0178,What are the genetic changes related to osteogenesis imperfecta ?,3_GHR_QA::0000757::0000757-3,3_GHR_QA::0000757::0000757-3,3_GHR_QA::0000757::0000757,3_GHR_QA::0000757::0000757,osteogenesis imperfecta,genetic changes,1,1,1,1.0,1.0,1,1,1,1.0,1,1,1,1.0,1,1,1,1.0,1,10
rag_bm25_k10,bm25,10,eval_0179,How to diagnose Neonatal progeroid syndrome ?,2_GARD_QA::0004337::0004337-5,2_GARD_QA::0004337::0004337-5,2_GARD_QA::0004337::0004337,2_GARD_QA::0004337::0004337,Neonatal progeroid syndrome,exams and tests,1,1,1,1.0,1.0,1,1,1,1.0,1,1,1,1.0,1,1,1,1.0,1,10
rag_bm25_k10,bm25,10,eval_0180,Where to find support for people with Alcohol Use and Older Adults ?,7_SeniorHealth_QA::0000002::0000002-29,7_SeniorHealth_QA::0000002::0000002-29,7_SeniorHealth_QA::0000002::0000002,7_SeniorHealth_QA::0000002::0000002,Alcohol Use and Older Adults,support groups,1,1,1,1.0,1.0,1,1,1,1.0,1,1,1,1.0,1,1,1,1.0,1,10
rag_bm25_k10,bm25,10,eval_0181,What is (are) Ollier disease ?,2_GARD_QA::0004532::0004532-1,2_GARD_QA::0004532::0004532-1|3_GHR_QA::0000750::0000750-1,2_GARD_QA::0004532::0004532,2_GARD_QA::0004532::0004532|3_GHR_QA::0000750::0000750,Ollier disease,information,0,0,1,0.25,0.5012658353418871,0,0,1,0.25,1,1,1,1.0,1,1,1,1.0,2,10
rag_bm25_k10,bm25,10,eval_0182,What is (are) allergic asthma ?,3_GHR_QA::0000037::0000037-1,3_GHR_QA::0000037::0000037-1,3_GHR_QA::0000037::0000037,3_GHR_QA::0000037::0000037,allergic asthma,information,1,1,1,1.0,1.0,1,1,1,1.0,1,1,1,1.0,1,1,1,1.0,1,10
rag_bm25_k10,bm25,10,eval_0183,What are the treatments for Sjgren's Syndrome ?,6_NINDS_QA::0000253::0000253-2,6_NINDS_QA::0000253::0000253-2,6_NINDS_QA::0000253::0000253,6_NINDS_QA::0000253::0000253,Sjgren's Syndrome,treatment,1,1,1,1.0,1.0,1,1,1,1.0,1,1,1,1.0,1,1,1,1.0,1,10
rag_bm25_k10,bm25,10,eval_0184,What is (are) Miyoshi myopathy ?,3_GHR_QA::0000666::0000666-1,3_GHR_QA::0000666::0000666-1,3_GHR_QA::0000666::0000666,3_GHR_QA::0000666::0000666,Miyoshi myopathy,information,1,1,1,1.0,1.0,1,1,1,1.0,1,1,1,1.0,1,1,1,1.0,1,10
rag_bm25_k10,bm25,10,eval_0185,How to diagnose Mntriers Disease ?,5_NIDDK_QA::0000115::0000115-5,5_NIDDK_QA::0000115::0000115-5,5_NIDDK_QA::0000115::0000115,5_NIDDK_QA::0000115::0000115,Mntriers Disease,exams and tests,1,1,1,1.0,1.0,1,1,1,1.0,1,1,1,1.0,1,1,1,1.0,1,10
rag_bm25_k10,bm25,10,eval_0186,What are the genetic changes related to MYH9-related disorder ?,3_GHR_QA::0000700::0000700-3,3_GHR_QA::0000700::0000700-3,3_GHR_QA::0000700::0000700,3_GHR_QA::0000700::0000700,MYH9-related disorder,genetic changes,1,1,1,1.0,1.0,1,1,1,1.0,1,1,1,1.0,1,1,1,1.0,1,10
rag_bm25_k10,bm25,10,eval_0187,Is Hypokalemic periodic paralysis inherited ?,2_GARD_QA::0003059::0003059-4,2_GARD_QA::0003059::0003059-4|3_GHR_QA::0000505::0000505-4,2_GARD_QA::0003059::0003059,2_GARD_QA::0003059::0003059|3_GHR_QA::0000505::0000505,Hypokalemic periodic paralysis,inheritance,1,1,1,1.0,1.0,0,1,1,0.5,1,1,1,1.0,1,1,1,1.0,2,10
rag_bm25_k10,bm25,10,eval_0188,What are the symptoms of Peyronie disease ?,2_GARD_QA::0004834::0004834-2,2_GARD_QA::0004834::0004834-2,2_GARD_QA::0004834::0004834,2_GARD_QA::0004834::0004834,Peyronie disease,symptoms,1,1,1,1.0,1.0,1,1,1,1.0,1,1,1,1.0,1,1,1,1.0,1,10
rag_bm25_k10,bm25,10,eval_0189,What is (are) Asthma ?,2_GARD_QA::0000491::0000491-1,2_GARD_QA::0000491::0000491-1|4_MPlus_Health_Topics_QA::0000065::0000065-1|8_NHLBI_QA_XML::0000010::0000010-1,2_GARD_QA::0000491::0000491,2_GARD_QA::0000491::0000491|4_MPlus_Health_Topics_QA::0000065::0000065|8_NHLBI_QA_XML::0000010::0000010,Asthma,information,0,1,1,0.5,0.6447841584694202,0,0,1,0.2,0,1,1,0.5,0,1,1,0.5,3,10
rag_bm25_k10,bm25,10,eval_0190,What are the treatments for Iniencephaly ?,6_NINDS_QA::0000164::0000164-2,6_NINDS_QA::0000164::0000164-2,6_NINDS_QA::0000164::0000164,6_NINDS_QA::0000164::0000164,Iniencephaly,treatment,1,1,1,1.0,1.0,1,1,1,1.0,1,1,1,1.0,1,1,1,1.0,1,10
rag_bm25_k10,bm25,10,eval_0191,What are the treatments for Cerebral Hypoxia ?,6_NINDS_QA::0000023::0000023-2,6_NINDS_QA::0000023::0000023-2,6_NINDS_QA::0000023::0000023,6_NINDS_QA::0000023::0000023,Cerebral Hypoxia,treatment,1,1,1,1.0,1.0,1,1,1,1.0,1,1,1,1.0,1,1,1,1.0,1,10
rag_bm25_k10,bm25,10,eval_0192,What are the treatments for Trichotillomania ?,2_GARD_QA::0006192::0006192-3,2_GARD_QA::0006192::0006192-3,2_GARD_QA::0006192::0006192,2_GARD_QA::0006192::0006192,Trichotillomania,treatment,1,1,1,1.0,1.0,1,1,1,1.0,1,1,1,1.0,1,1,1,1.0,1,10
rag_bm25_k10,bm25,10,eval_0193,Is hypokalemic periodic paralysis inherited ?,3_GHR_QA::0000505::0000505-4,2_GARD_QA::0003059::0003059-4|3_GHR_QA::0000505::0000505-4,3_GHR_QA::0000505::0000505,2_GARD_QA::0003059::0003059|3_GHR_QA::0000505::0000505,hypokalemic periodic paralysis,inheritance,1,1,1,1.0,1.0,1,1,1,1.0,1,1,1,1.0,1,1,1,1.0,2,10
rag_bm25_k10,bm25,10,eval_0194,What are the treatments for Cardiomyopathy ?,8_NHLBI_QA_XML::0000029::0000029-8,8_NHLBI_QA_XML::0000029::0000029-8,8_NHLBI_QA_XML::0000029::0000029,8_NHLBI_QA_XML::0000029::0000029,Cardiomyopathy,treatment,0,0,0,0.0,0.0,0,0,0,0.0,1,1,1,1.0,1,1,1,1.0,1,10
rag_bm25_k10,bm25,10,eval_0195,Is RAPADILINO syndrome inherited ?,3_GHR_QA::0000858::0000858-4,3_GHR_QA::0000858::0000858-4,3_GHR_QA::0000858::0000858,3_GHR_QA::0000858::0000858,RAPADILINO syndrome,inheritance,1,1,1,1.0,1.0,1,1,1,1.0,1,1,1,1.0,1,1,1,1.0,1,10
rag_bm25_k10,bm25,10,eval_0196,What is (are) Kidney Stones in Adults ?,5_NIDDK_QA::0000203::0000203-2,5_NIDDK_QA::0000203::0000203-1|5_NIDDK_QA::0000203::0000203-2|5_NIDDK_QA::0000203::0000203-5,5_NIDDK_QA::0000203::0000203,5_NIDDK_QA::0000203::0000203,Kidney Stones in Adults,information,0,1,1,0.5,0.6871475159848289,0,0,1,0.14285714285714285,1,1,1,1.0,1,1,1,1.0,3,10
rag_bm25_k10,bm25,10,eval_0197,What to do for Biliary Atresia ?,5_NIDDK_QA::0000183::0000183-10,5_NIDDK_QA::0000183::0000183-10|5_NIDDK_QA::0000183::0000183-9,5_NIDDK_QA::0000183::0000183,5_NIDDK_QA::0000183::0000183,Biliary Atresia,considerations,1,1,1,1.0,0.9197207891481876,1,1,1,1.0,1,1,1,1.0,1,1,1,1.0,2,10
rag_bm25_k10,bm25,10,eval_0198,What are the treatments for Cataract ?,7_SeniorHealth_QA::0000009::0000009-15,7_SeniorHealth_QA::0000009::0000009-15|7_SeniorHealth_QA::0000009::0000009-5,7_SeniorHealth_QA::0000009::0000009,7_SeniorHealth_QA::0000009::0000009,Cataract,treatment,1,1,1,1.0,0.6131471927654584,1,1,1,1.0,1,1,1,1.0,1,1,1,1.0,2,10
rag_bm25_k10,bm25,10,eval_0199,What is (are) Infections and Pregnancy ?,4_MPlus_Health_Topics_QA::0000510::0000510-1,4_MPlus_Health_Topics_QA::0000510::0000510-1,4_MPlus_Health_Topics_QA::0000510::0000510,4_MPlus_Health_Topics_QA::0000510::0000510,Infections and Pregnancy,information,1,1,1,1.0,1.0,1,1,1,1.0,1,1,1,1.0,1,1,1,1.0,1,10
rag_bm25_k10,bm25,10,eval_0200,What are the genetic changes related to autoimmune Addison disease ?,3_GHR_QA::0000087::0000087-3,3_GHR_QA::0000087::0000087-3,3_GHR_QA::0000087::0000087,3_GHR_QA::0000087::0000087,autoimmune Addison disease,genetic changes,1,1,1,1.0,1.0,1,1,1,1.0,1,1,1,1.0,1,1,1,1.0,1,10
rag_minilm_k10,minilm,10,eval_0001,How to prevent Diabetic Kidney Disease ?,5_NIDDK_QA::0000033::0000033-9,5_NIDDK_QA::0000033::0000033-9,5_NIDDK_QA::0000033::0000033,5_NIDDK_QA::0000033::0000033,Diabetic Kidney Disease,prevention,1,1,1,1.0,1.0,1,1,1,1.0,1,1,1,1.0,1,1,1,1.0,1,10
rag_minilm_k10,minilm,10,eval_0002,What are the complications of Kidney Dysplasia ?,5_NIDDK_QA::0000154::0000154-7,5_NIDDK_QA::0000154::0000154-7,5_NIDDK_QA::0000154::0000154,5_NIDDK_QA::0000154::0000154,Kidney Dysplasia,complications,1,1,1,1.0,1.0,1,1,1,1.0,1,1,1,1.0,1,1,1,1.0,1,10
rag_minilm_k10,minilm,10,eval_0003,What is (are) Rheumatoid Arthritis ?,7_SeniorHealth_QA::0000061::0000061-7,3_GHR_QA::0000875::0000875-1|4_MPlus_Health_Topics_QA::0000782::0000782-1|7_SeniorHealth_QA::0000061::0000061-1|7_SeniorHealth_QA::0000061::0000061-15|7_SeniorHealth_QA::0000061::0000061-7,7_SeniorHealth_QA::0000061::0000061,3_GHR_QA::0000875::0000875|4_MPlus_Health_Topics_QA::0000782::0000782|7_SeniorHealth_QA::0000061::0000061,Rheumatoid Arthritis,information,1,1,1,1.0,0.8687949224876582,0,0,1,0.25,1,1,1,1.0,1,1,1,1.0,5,10
rag_minilm_k10,minilm,10,eval_0004,Is Familial isolated hyperparathyroidism inherited ?,2_GARD_QA::0002274::0002274-3,2_GARD_QA::0002274::0002274-3|3_GHR_QA::0000357::0000357-4,2_GARD_QA::0002274::0002274,2_GARD_QA::0002274::0002274|3_GHR_QA::0000357::0000357,Familial isolated hyperparathyroidism,inheritance,1,1,1,1.0,1.0,0,1,1,0.5,1,1,1,1.0,1,1,1,1.0,2,10
rag_minilm_k10,minilm,10,eval_0005,What are the genetic changes related to giant congenital melanocytic nevus ?,3_GHR_QA::0000406::0000406-3,3_GHR_QA::0000406::0000406-3,3_GHR_QA::0000406::0000406,3_GHR_QA::0000406::0000406,giant congenital melanocytic nevus,genetic changes,0,1,1,0.5,0.6309297535714575,0,1,1,0.5,1,1,1,1.0,1,1,1,1.0,1,10
rag_minilm_k10,minilm,10,eval_0006,Is diastrophic dysplasia inherited ?,3_GHR_QA::0000284::0000284-4,3_GHR_QA::0000284::0000284-4,3_GHR_QA::0000284::0000284,3_GHR_QA::0000284::0000284,diastrophic dysplasia,inheritance,1,1,1,1.0,1.0,1,1,1,1.0,1,1,1,1.0,1,1,1,1.0,1,10
rag_minilm_k10,minilm,10,eval_0007,Is glucose phosphate isomerase deficiency inherited ?,3_GHR_QA::0000412::0000412-4,3_GHR_QA::0000412::0000412-4,3_GHR_QA::0000412::0000412,3_GHR_QA::0000412::0000412,glucose phosphate isomerase deficiency,inheritance,1,1,1,1.0,1.0,1,1,1,1.0,1,1,1,1.0,1,1,1,1.0,1,10
rag_minilm_k10,minilm,10,eval_0008,What causes Chromosome 4q deletion ?,2_GARD_QA::0001282::0001282-3,2_GARD_QA::0001282::0001282-3,2_GARD_QA::0001282::0001282,2_GARD_QA::0001282::0001282,Chromosome 4q deletion,causes,0,1,1,0.5,0.6309297535714575,0,1,1,0.5,1,1,1,1.0,1,1,1,1.0,1,10
rag_minilm_k10,minilm,10,eval_0009,What is (are) X-linked lymphoproliferative disease ?,3_GHR_QA::0001059::0001059-1,3_GHR_QA::0001059::0001059-1,3_GHR_QA::0001059::0001059,3_GHR_QA::0001059::0001059,X-linked lymphoproliferative disease,information,1,1,1,1.0,1.0,1,1,1,1.0,1,1,1,1.0,1,1,1,1.0,1,10
rag_minilm_k10,minilm,10,eval_0010,How to prevent Lung Cancer ?,1_CancerGov_QA::0000032_3::0000032_3-2,1_CancerGov_QA::0000032_3::0000032_3-2,1_CancerGov_QA::0000032_3::0000032_3,1_CancerGov_QA::0000032_3::0000032_3,Lung Cancer,prevention,1,1,1,1.0,1.0,1,1,1,1.0,1,1,1,1.0,1,1,1,1.0,1,10
rag_minilm_k10,minilm,10,eval_0011,What is (are) Medicare and Continuing Care ?,7_SeniorHealth_QA::0000045::0000045-8,7_SeniorHealth_QA::0000045::0000045-10|7_SeniorHealth_QA::0000045::0000045-11|7_SeniorHealth_QA::0000045::0000045-12|7_SeniorHealth_QA::0000045::0000045-13|7_SeniorHealth_QA::0000045::0000045-14|7_SeniorHealth_QA::0000045::0000045-16|7_SeniorHealth_QA::0000045::0000045-18|7_SeniorHealth_QA::0000045::0000045-20|7_SeniorHealth_QA::0000045::0000045-22|7_SeniorHealth_QA::0000045::0000045-24|7_SeniorHealth_QA::0000045::0000045-28|7_SeniorHealth_QA::0000045::0000045-7|7_SeniorHealth_QA::0000045::0000045-8|7_SeniorHealth_QA::0000045::0000045-9,7_SeniorHealth_QA::0000045::0000045,7_SeniorHealth_QA::0000045::0000045,Medicare and Continuing Care,information,1,1,1,1.0,0.9363792118010483,0,0,1,0.14285714285714285,1,1,1,1.0,1,1,1,1.0,14,10
rag_minilm_k10,minilm,10,eval_0012,What is (are) COG5-congenital disorder of glycosylation ?,3_GHR_QA::0000197::0000197-1,3_GHR_QA::0000197::0000197-1,3_GHR_QA::0000197::0000197,3_GHR_QA::0000197::0000197,COG5-congenital disorder of glycosylation,information,1,1,1,1.0,1.0,1,1,1,1.0,1,1,1,1.0,1,1,1,1.0,1,10
rag_minilm_k10,minilm,10,eval_0013,What are the symptoms of Congenital myasthenic syndrome with episodic apnea ?,2_GARD_QA::0001542::0001542-1,2_GARD_QA::0001542::0001542-1,2_GARD_QA::0001542::0001542,2_GARD_QA::0001542::0001542,Congenital myasthenic syndrome with episodic apnea,symptoms,1,1,1,1.0,1.0,1,1,1,1.0,1,1,1,1.0,1,1,1,1.0,1,10
rag_minilm_k10,minilm,10,eval_0014,What are the treatments for Immunodeficiency with hyper IgM type 1 ?,2_GARD_QA::0003162::0003162-4,2_GARD_QA::0003162::0003162-4,2_GARD_QA::0003162::0003162,2_GARD_QA::0003162::0003162,Immunodeficiency with hyper IgM type 1,treatment,1,1,1,1.0,1.0,1,1,1,1.0,1,1,1,1.0,1,1,1,1.0,1,10
rag_minilm_k10,minilm,10,eval_0015,How many people are affected by mucopolysaccharidosis type VI ?,3_GHR_QA::0000682::0000682-2,3_GHR_QA::0000682::0000682-2,3_GHR_QA::0000682::0000682,3_GHR_QA::0000682::0000682,mucopolysaccharidosis type VI,frequency,1,1,1,1.0,1.0,1,1,1,1.0,1,1,1,1.0,1,1,1,1.0,1,10
rag_minilm_k10,minilm,10,eval_0016,What to do for Perineal Injury in Males ?,5_NIDDK_QA::0000206::0000206-11,5_NIDDK_QA::0000206::0000206-10|5_NIDDK_QA::0000206::0000206-11,5_NIDDK_QA::0000206::0000206,5_NIDDK_QA::0000206::0000206,Perineal Injury in Males,considerations,0,1,1,0.5,0.5802792108518124,0,1,1,0.5,1,1,1,1.0,1,1,1,1.0,2,10
rag_minilm_k10,minilm,10,eval_0017,What are the genetic changes related to sialuria ?,3_GHR_QA::0000909::0000909-3,3_GHR_QA::0000909::0000909-3,3_GHR_QA::0000909::0000909,3_GHR_QA::0000909::0000909,sialuria,genetic changes,1,1,1,1.0,1.0,1,1,1,1.0,1,1,1,1.0,1,1,1,1.0,1,10
rag_minilm_k10,minilm,10,eval_0018,what research (or clinical trials) is being done for Oropharyngeal Cancer ?,1_CancerGov_QA::0000024_6::0000024_6-8,1_CancerGov_QA::0000024_6::0000024_6-8,1_CancerGov_QA::0000024_6::0000024_6,1_CancerGov_QA::0000024_6::0000024_6,Oropharyngeal Cancer,research,1,1,1,1.0,1.0,1,1,1,1.0,1,1,1,1.0,1,1,1,1.0,1,10
rag_minilm_k10,minilm,10,eval_0019,What is (are) Pallister-Killian mosaic syndrome ?,2_GARD_QA::0004688::0004688-1,2_GARD_QA::0004688::0004688-1|3_GHR_QA::0000768::0000768-1,2_GARD_QA::0004688::0004688,2_GARD_QA::0004688::0004688|3_GHR_QA::0000768::0000768,Pallister-Killian mosaic syndrome,information,1,1,1,1.0,0.9197207891481876,1,1,1,1.0,1,1,1,1.0,1,1,1,1.0,2,10
rag_minilm_k10,minilm,10,eval_0020,What are the treatments for Mucopolysaccharidosis type I ?,2_GARD_QA::0004155::0004155-5,2_GARD_QA::0004155::0004155-5|3_GHR_QA::0000678::0000678-5,2_GARD_QA::0004155::0004155,2_GARD_QA::0004155::0004155|3_GHR_QA::0000678::0000678,Mucopolysaccharidosis type I,treatment,0,0,1,0.25,0.5012658353418871,0,0,1,0.25,0,0,1,0.25,0,0,1,0.25,2,10
rag_minilm_k10,minilm,10,eval_0021,what research (or clinical trials) is being done for Prostate Cancer ?,1_CancerGov_QA::0000036_1::0000036_1-7,1_CancerGov_QA::0000036_1::0000036_1-7|1_CancerGov_QA::0000036_2::0000036_2-5|7_SeniorHealth_QA::0000058::0000058-7,1_CancerGov_QA::0000036_1::0000036_1,1_CancerGov_QA::0000036_1::0000036_1|1_CancerGov_QA::0000036_2::0000036_2|7_SeniorHealth_QA::0000058::0000058,Prostate Cancer,research,1,1,1,1.0,0.9217868789962071,1,1,1,1.0,1,1,1,1.0,1,1,1,1.0,3,10
rag_minilm_k10,minilm,10,eval_0022,What are the symptoms of Heart Palpitations ?,8_NHLBI_QA_XML::0000063::0000063-4,8_NHLBI_QA_XML::0000063::0000063-4,8_NHLBI_QA_XML::0000063::0000063,8_NHLBI_QA_XML::0000063::0000063,Heart Palpitations,symptoms,1,1,1,1.0,1.0,1,1,1,1.0,1,1,1,1.0,1,1,1,1.0,1,10
rag_minilm_k10,minilm,10,eval_0023,What are the treatments for Aicardi syndrome ?,3_GHR_QA::0000028::0000028-5,3_GHR_QA::0000028::0000028-5|6_NINDS_QA::0000011::0000011-2,3_GHR_QA::0000028::0000028,3_GHR_QA::0000028::0000028|6_NINDS_QA::0000011::0000011,Aicardi syndrome,treatment,1,1,1,1.0,1.0,1,1,1,1.0,1,1,1,1.0,1,1,1,1.0,2,10
rag_minilm_k10,minilm,10,eval_0024,Do you have information about Fires,4_MPlus_Health_Topics_QA::0000365::0000365-1,4_MPlus_Health_Topics_QA::0000365::0000365-1,4_MPlus_Health_Topics_QA::0000365::0000365,4_MPlus_Health_Topics_QA::0000365::0000365,Fires,information,1,1,1,1.0,1.0,1,1,1,1.0,1,1,1,1.0,1,1,1,1.0,1,10
rag_minilm_k10,minilm,10,eval_0025,What are the treatments for Juvenile amyotrophic lateral sclerosis ?,2_GARD_QA::0003319::0003319-4,2_GARD_QA::0003319::0003319-4,2_GARD_QA::0003319::0003319,2_GARD_QA::0003319::0003319,Juvenile amyotrophic lateral sclerosis,treatment,0,1,1,0.5,0.6309297535714575,0,1,1,0.5,0,1,1,0.5,0,1,1,0.5,1,10
rag_minilm_k10,minilm,10,eval_0026,What causes Congenital adrenal hyperplasia ?,2_GARD_QA::0001472::0001472-3,2_GARD_QA::0001472::0001472-3,2_GARD_QA::0001472::0001472,2_GARD_QA::0001472::0001472,Congenital adrenal hyperplasia,causes,0,1,1,0.5,0.6309297535714575,0,1,1,0.5,1,1,1,1.0,1,1,1,1.0,1,10
rag_minilm_k10,minilm,10,eval_0027,What to do for Gastroparesis ?,5_NIDDK_QA::0000107::0000107-6,5_NIDDK_QA::0000107::0000107-6|5_NIDDK_QA::0000107::0000107-9,5_NIDDK_QA::0000107::0000107,5_NIDDK_QA::0000107::0000107,Gastroparesis,considerations,0,1,1,0.5,0.5714285040141098,0,1,1,0.5,0,1,1,0.5,0,1,1,0.5,2,10
rag_minilm_k10,minilm,10,eval_0028,Who is at risk for ARDS? ?,8_NHLBI_QA_XML::0000007::0000007-4,8_NHLBI_QA_XML::0000007::0000007-4,8_NHLBI_QA_XML::0000007::0000007,8_NHLBI_QA_XML::0000007::0000007,ARDS,susceptibility,0,1,1,0.5,0.6309297535714575,0,1,1,0.5,1,1,1,1.0,1,1,1,1.0,1,10
rag_minilm_k10,minilm,10,eval_0029,What is (are) deafness-dystonia-optic neuronopathy syndrome ?,3_GHR_QA::0000274::0000274-1,3_GHR_QA::0000274::0000274-1,3_GHR_QA::0000274::0000274,3_GHR_QA::0000274::0000274,deafness-dystonia-optic neuronopathy syndrome,information,1,1,1,1.0,1.0,1,1,1,1.0,1,1,1,1.0,1,1,1,1.0,1,10
rag_minilm_k10,minilm,10,eval_0030,What is (are) benign chronic pemphigus ?,3_GHR_QA::0000115::0000115-1,3_GHR_QA::0000115::0000115-1,3_GHR_QA::0000115::0000115,3_GHR_QA::0000115::0000115,benign chronic pemphigus,information,1,1,1,1.0,1.0,1,1,1,1.0,1,1,1,1.0,1,1,1,1.0,1,10
rag_minilm_k10,minilm,10,eval_0031,What is (are) Hashimoto's syndrome ?,2_GARD_QA::0002736::0002736-1,2_GARD_QA::0002736::0002736-1,2_GARD_QA::0002736::0002736,2_GARD_QA::0002736::0002736,Hashimoto's syndrome,information,0,1,1,0.3333333333333333,0.5,0,1,1,0.3333333333333333,1,1,1,1.0,1,1,1,1.0,1,10
rag_minilm_k10,minilm,10,eval_0032,What are the symptoms of Charcot-Marie-Tooth disease type 2D ?,2_GARD_QA::0001102::0001102-1,2_GARD_QA::0001102::0001102-1,2_GARD_QA::0001102::0001102,2_GARD_QA::0001102::0001102,Charcot-Marie-Tooth disease type 2D,symptoms,0,1,1,0.5,0.6309297535714575,0,1,1,0.5,0,1,1,0.5,0,1,1,0.5,1,10
rag_minilm_k10,minilm,10,eval_0033,What are the symptoms of NADH cytochrome B5 reductase deficiency ?,2_GARD_QA::0004302::0004302-1,2_GARD_QA::0004302::0004302-1,2_GARD_QA::0004302::0004302,2_GARD_QA::0004302::0004302,NADH cytochrome B5 reductase deficiency,symptoms,1,1,1,1.0,1.0,1,1,1,1.0,1,1,1,1.0,1,1,1,1.0,1,10
rag_minilm_k10,minilm,10,eval_0034,What are the treatments for Dementia ?,6_NINDS_QA::0000098::0000098-2,6_NINDS_QA::0000098::0000098-2,6_NINDS_QA::0000098::0000098,6_NINDS_QA::0000098::0000098,Dementia,treatment,1,1,1,1.0,1.0,1,1,1,1.0,1,1,1,1.0,1,1,1,1.0,1,10
rag_minilm_k10,minilm,10,eval_0035,"What are the symptoms of Ichthyosiform erythroderma, corneal involvement, deafness ?",2_GARD_QA::0003105::0003105-1,2_GARD_QA::0003105::0003105-1,2_GARD_QA::0003105::0003105,2_GARD_QA::0003105::0003105,"Ichthyosiform erythroderma, corneal involvement, deafness",symptoms,1,1,1,1.0,1.0,1,1,1,1.0,1,1,1,1.0,1,1,1,1.0,1,10
rag_minilm_k10,minilm,10,eval_0036,What are the treatments for Frontal fibrosing alopecia ?,2_GARD_QA::0002442::0002442-6,2_GARD_QA::0002442::0002442-6,2_GARD_QA::0002442::0002442,2_GARD_QA::0002442::0002442,Frontal fibrosing alopecia,treatment,1,1,1,1.0,1.0,1,1,1,1.0,1,1,1,1.0,1,1,1,1.0,1,10
rag_minilm_k10,minilm,10,eval_0037,Do you have information about Calcium,4_MPlus_Health_Topics_QA::0000139::0000139-1,4_MPlus_Health_Topics_QA::0000139::0000139-1,4_MPlus_Health_Topics_QA::0000139::0000139,4_MPlus_Health_Topics_QA::0000139::0000139,Calcium,information,1,1,1,1.0,1.0,1,1,1,1.0,1,1,1,1.0,1,1,1,1.0,1,10
rag_minilm_k10,minilm,10,eval_0038,Do you have information about Smokeless Tobacco,4_MPlus_Health_Topics_QA::0000827::0000827-1,4_MPlus_Health_Topics_QA::0000827::0000827-1,4_MPlus_Health_Topics_QA::0000827::0000827,4_MPlus_Health_Topics_QA::0000827::0000827,Smokeless Tobacco,information,1,1,1,1.0,1.0,1,1,1,1.0,1,1,1,1.0,1,1,1,1.0,1,10
rag_minilm_k10,minilm,10,eval_0039,What is the outlook for Tropical Spastic Paraparesis ?,6_NINDS_QA::0000151::0000151-3,6_NINDS_QA::0000151::0000151-3,6_NINDS_QA::0000151::0000151,6_NINDS_QA::0000151::0000151,Tropical Spastic Paraparesis,outlook,1,1,1,1.0,1.0,1,1,1,1.0,1,1,1,1.0,1,1,1,1.0,1,10
rag_minilm_k10,minilm,10,eval_0040,What is (are) Parasites - Angiostrongyliasis (also known as Angiostrongylus Infection) ?,9_CDC_QA::0000015::0000015-2,9_CDC_QA::0000015::0000015-2,9_CDC_QA::0000015::0000015,9_CDC_QA::0000015::0000015,Parasites - Angiostrongyliasis (also known as Angiostrongylus Infection),information,1,1,1,1.0,1.0,1,1,1,1.0,1,1,1,1.0,1,1,1,1.0,1,10
rag_minilm_k10,minilm,10,eval_0041,What are the treatments for cystic fibrosis ?,3_GHR_QA::0000262::0000262-5,3_GHR_QA::0000262::0000262-5|8_NHLBI_QA_XML::0000049::0000049-7,3_GHR_QA::0000262::0000262,3_GHR_QA::0000262::0000262|8_NHLBI_QA_XML::0000049::0000049,cystic fibrosis,treatment,1,1,1,1.0,1.0,0,1,1,0.5,1,1,1,1.0,1,1,1,1.0,2,10
rag_minilm_k10,minilm,10,eval_0042,What are the treatments for Leukoplakia ?,2_GARD_QA::0003580::0003580-3,2_GARD_QA::0003580::0003580-3,2_GARD_QA::0003580::0003580,2_GARD_QA::0003580::0003580,Leukoplakia,treatment,1,1,1,1.0,1.0,1,1,1,1.0,1,1,1,1.0,1,1,1,1.0,1,10
rag_minilm_k10,minilm,10,eval_0043,What causes Best vitelliform macular dystrophy ?,2_GARD_QA::0000700::0000700-3,2_GARD_QA::0000700::0000700-3,2_GARD_QA::0000700::0000700,2_GARD_QA::0000700::0000700,Best vitelliform macular dystrophy,causes,0,0,0,0.0,0.0,0,0,0,0.0,1,1,1,1.0,1,1,1,1.0,1,10
rag_minilm_k10,minilm,10,eval_0044,What are the symptoms of Biotin-thiamine-responsive basal ganglia disease ?,2_GARD_QA::0000736::0000736-2,2_GARD_QA::0000736::0000736-2,2_GARD_QA::0000736::0000736,2_GARD_QA::0000736::0000736,Biotin-thiamine-responsive basal ganglia disease,symptoms,0,1,1,0.5,0.6309297535714575,0,1,1,0.5,0,1,1,0.5,1,1,1,1.0,1,10
rag_minilm_k10,minilm,10,eval_0045,How many people are affected by X-linked thrombocytopenia ?,3_GHR_QA::0001065::0001065-2,3_GHR_QA::0001065::0001065-2,3_GHR_QA::0001065::0001065,3_GHR_QA::0001065::0001065,X-linked thrombocytopenia,frequency,1,1,1,1.0,1.0,1,1,1,1.0,1,1,1,1.0,1,1,1,1.0,1,10
rag_minilm_k10,minilm,10,eval_0046,What is the outlook for Diabetic Neuropathy ?,6_NINDS_QA::0000106::0000106-3,6_NINDS_QA::0000106::0000106-3,6_NINDS_QA::0000106::0000106,6_NINDS_QA::0000106::0000106,Diabetic Neuropathy,outlook,1,1,1,1.0,1.0,1,1,1,1.0,1,1,1,1.0,1,1,1,1.0,1,10
rag_minilm_k10,minilm,10,eval_0047,What are the genetic changes related to multiple sulfatase deficiency ?,3_GHR_QA::0000695::0000695-3,3_GHR_QA::0000695::0000695-3,3_GHR_QA::0000695::0000695,3_GHR_QA::0000695::0000695,multiple sulfatase deficiency,genetic changes,1,1,1,1.0,1.0,1,1,1,1.0,1,1,1,1.0,1,1,1,1.0,1,10
rag_minilm_k10,minilm,10,eval_0048,What are the symptoms of Erythroderma lethal congenital ?,2_GARD_QA::0002160::0002160-1,2_GARD_QA::0002160::0002160-1,2_GARD_QA::0002160::0002160,2_GARD_QA::0002160::0002160,Erythroderma lethal congenital,symptoms,1,1,1,1.0,1.0,1,1,1,1.0,1,1,1,1.0,1,1,1,1.0,1,10
rag_minilm_k10,minilm,10,eval_0049,What is the outlook for Lesch-Nyhan Syndrome ?,6_NINDS_QA::0000180::0000180-3,6_NINDS_QA::0000180::0000180-3,6_NINDS_QA::0000180::0000180,6_NINDS_QA::0000180::0000180,Lesch-Nyhan Syndrome,outlook,1,1,1,1.0,1.0,1,1,1,1.0,1,1,1,1.0,1,1,1,1.0,1,10
rag_minilm_k10,minilm,10,eval_0050,Is multiple system atrophy inherited ?,3_GHR_QA::0000696::0000696-4,3_GHR_QA::0000696::0000696-4,3_GHR_QA::0000696::0000696,3_GHR_QA::0000696::0000696,multiple system atrophy,inheritance,1,1,1,1.0,1.0,1,1,1,1.0,1,1,1,1.0,1,1,1,1.0,1,10
rag_minilm_k10,minilm,10,eval_0051,What are the symptoms of Aneurysm ?,8_NHLBI_QA_XML::0000003::0000003-6,8_NHLBI_QA_XML::0000003::0000003-6,8_NHLBI_QA_XML::0000003::0000003,8_NHLBI_QA_XML::0000003::0000003,Aneurysm,symptoms,0,0,1,0.25,0.43067655807339306,0,0,1,0.25,0,1,1,0.3333333333333333,0,1,1,0.3333333333333333,1,10
rag_minilm_k10,minilm,10,eval_0052,What are the symptoms of Fetal akinesia syndrome X-linked ?,2_GARD_QA::0002334::0002334-1,2_GARD_QA::0002334::0002334-1,2_GARD_QA::0002334::0002334,2_GARD_QA::0002334::0002334,Fetal akinesia syndrome X-linked,symptoms,1,1,1,1.0,1.0,1,1,1,1.0,1,1,1,1.0,1,1,1,1.0,1,10
rag_minilm_k10,minilm,10,eval_0053,What are the treatments for Tay-Sachs disease ?,2_GARD_QA::0006017::0006017-5,2_GARD_QA::0006017::0006017-5|3_GHR_QA::0000972::0000972-5|6_NINDS_QA::0000265::0000265-2,2_GARD_QA::0006017::0006017,2_GARD_QA::0006017::0006017|3_GHR_QA::0000972::0000972|6_NINDS_QA::0000265::0000265,Tay-Sachs disease,treatment,1,1,1,1.0,1.0,1,1,1,1.0,1,1,1,1.0,1,1,1,1.0,3,10
rag_minilm_k10,minilm,10,eval_0054,What is (are) nephrogenic diabetes insipidus ?,3_GHR_QA::0000719::0000719-1,2_GARD_QA::0004342::0004342-1|3_GHR_QA::0000719::0000719-1,3_GHR_QA::0000719::0000719,2_GARD_QA::0004342::0004342|3_GHR_QA::0000719::0000719,nephrogenic diabetes insipidus,information,1,1,1,1.0,1.0,0,1,1,0.5,1,1,1,1.0,1,1,1,1.0,2,10
rag_minilm_k10,minilm,10,eval_0055,What is (are) Thyroid Diseases ?,4_MPlus_Health_Topics_QA::0000892::0000892-1,4_MPlus_Health_Topics_QA::0000892::0000892-1,4_MPlus_Health_Topics_QA::0000892::0000892,4_MPlus_Health_Topics_QA::0000892::0000892,Thyroid Diseases,information,0,0,1,0.25,0.43067655807339306,0,0,1,0.25,0,0,1,0.25,0,0,1,0.25,1,10
rag_minilm_k10,minilm,10,eval_0056,What is (are) Parasites - Cyclosporiasis (Cyclospora Infection) ?,9_CDC_QA::0000120::0000120-1,9_CDC_QA::0000120::0000120-1,9_CDC_QA::0000120::0000120,9_CDC_QA::0000120::0000120,Parasites - Cyclosporiasis (Cyclospora Infection),information,1,1,1,1.0,1.0,1,1,1,1.0,1,1,1,1.0,1,1,1,1.0,1,10
rag_minilm_k10,minilm,10,eval_0057,Is leukoencephalopathy with brainstem and spinal cord involvement and lactate elevation inherited ?,3_GHR_QA::0000597::0000597-4,3_GHR_QA::0000597::0000597-4,3_GHR_QA::0000597::0000597,3_GHR_QA::0000597::0000597,leukoencephalopathy with brainstem and spinal cord involvement and lactate elevation,inheritance,1,1,1,1.0,1.0,1,1,1,1.0,1,1,1,1.0,1,1,1,1.0,1,10
rag_minilm_k10,minilm,10,eval_0058,What is (are) Congenital pulmonary alveolar proteinosis ?,2_GARD_QA::0001551::0001551-1,2_GARD_QA::0001551::0001551-1,2_GARD_QA::0001551::0001551,2_GARD_QA::0001551::0001551,Congenital pulmonary alveolar proteinosis,information,1,1,1,1.0,1.0,1,1,1,1.0,1,1,1,1.0,1,1,1,1.0,1,10
rag_minilm_k10,minilm,10,eval_0059,What is (are) Smoking ?,4_MPlus_Health_Topics_QA::0000828::0000828-1,4_MPlus_Health_Topics_QA::0000828::0000828-1,4_MPlus_Health_Topics_QA::0000828::0000828,4_MPlus_Health_Topics_QA::0000828::0000828,Smoking,information,0,1,1,0.5,0.6309297535714575,0,1,1,0.5,0,1,1,0.5,0,1,1,0.5,1,10
rag_minilm_k10,minilm,10,eval_0060,How to diagnose Parathyroid Cancer ?,1_CancerGov_QA::0000033_1::0000033_1-4,1_CancerGov_QA::0000033_1::0000033_1-4,1_CancerGov_QA::0000033_1::0000033_1,1_CancerGov_QA::0000033_1::0000033_1,Parathyroid Cancer,exams and tests,1,1,1,1.0,1.0,1,1,1,1.0,1,1,1,1.0,1,1,1,1.0,1,10
rag_minilm_k10,minilm,10,eval_0061,How to prevent Heart Palpitations ?,8_NHLBI_QA_XML::0000063::0000063-7,8_NHLBI_QA_XML::0000063::0000063-7,8_NHLBI_QA_XML::0000063::0000063,8_NHLBI_QA_XML::0000063::0000063,Heart Palpitations,prevention,1,1,1,1.0,1.0,1,1,1,1.0,1,1,1,1.0,1,1,1,1.0,1,10
rag_minilm_k10,minilm,10,eval_0062,What is (are) Dravet Syndrome ?,6_NINDS_QA::0000108::0000108-1,2_GARD_QA::0001924::0001924-1|6_NINDS_QA::0000108::0000108-1,6_NINDS_QA::0000108::0000108,2_GARD_QA::0001924::0001924|6_NINDS_QA::0000108::0000108,Dravet Syndrome,information,1,1,1,1.0,1.0,0,1,1,0.5,1,1,1,1.0,1,1,1,1.0,2,10
rag_minilm_k10,minilm,10,eval_0063,What is (are) Hereditary sensory and autonomic neuropathy type V ?,2_GARD_QA::0002852::0002852-1,2_GARD_QA::0002852::0002852-1|3_GHR_QA::0000474::0000474-1,2_GARD_QA::0002852::0002852,2_GARD_QA::0002852::0002852|3_GHR_QA::0000474::0000474,Hereditary sensory and autonomic neuropathy type V,information,0,1,1,0.3333333333333333,0.5249810332008933,0,0,1,0.16666666666666666,1,1,1,1.0,1,1,1,1.0,2,10
rag_minilm_k10,minilm,10,eval_0064,What causes Angina ?,8_NHLBI_QA_XML::0000004::0000004-3,8_NHLBI_QA_XML::0000004::0000004-3,8_NHLBI_QA_XML::0000004::0000004,8_NHLBI_QA_XML::0000004::0000004,Angina,causes,1,1,1,1.0,1.0,1,1,1,1.0,1,1,1,1.0,1,1,1,1.0,1,10
rag_minilm_k10,minilm,10,eval_0065,What are the treatments for GM3 synthase deficiency ?,3_GHR_QA::0000431::0000431-5,3_GHR_QA::0000431::0000431-5,3_GHR_QA::0000431::0000431,3_GHR_QA::0000431::0000431,GM3 synthase deficiency,treatment,1,1,1,1.0,1.0,1,1,1,1.0,1,1,1,1.0,1,1,1,1.0,1,10
rag_minilm_k10,minilm,10,eval_0066,What is (are) 15q11.2 microdeletion ?,2_GARD_QA::0006554::0006554-1,2_GARD_QA::0006554::0006554-1,2_GARD_QA::0006554::0006554,2_GARD_QA::0006554::0006554,15q11.2 microdeletion,information,1,1,1,1.0,1.0,1,1,1,1.0,1,1,1,1.0,1,1,1,1.0,1,10
rag_minilm_k10,minilm,10,eval_0067,What is (are) Spondyloepiphyseal dysplasia congenita ?,2_GARD_QA::0005840::0005840-1,2_GARD_QA::0005840::0005840-1|3_GHR_QA::0000947::0000947-1,2_GARD_QA::0005840::0005840,2_GARD_QA::0005840::0005840|3_GHR_QA::0000947::0000947,Spondyloepiphyseal dysplasia congenita,information,1,1,1,1.0,1.0,1,1,1,1.0,1,1,1,1.0,1,1,1,1.0,2,10
rag_minilm_k10,minilm,10,eval_0068,What are the treatments for Hearing Loss ?,7_SeniorHealth_QA::0000032::0000032-4,7_SeniorHealth_QA::0000032::0000032-22|7_SeniorHealth_QA::0000032::0000032-4,7_SeniorHealth_QA::0000032::0000032,7_SeniorHealth_QA::0000032::0000032,Hearing Loss,treatment,0,1,1,0.5,0.6509209298071326,0,0,1,0.25,1,1,1,1.0,1,1,1,1.0,2,10
rag_minilm_k10,minilm,10,eval_0069,What is (are) Abdominal Adhesions ?,5_NIDDK_QA::0000083::0000083-2,5_NIDDK_QA::0000083::0000083-1|5_NIDDK_QA::0000083::0000083-2,5_NIDDK_QA::0000083::0000083,5_NIDDK_QA::0000083::0000083,Abdominal Adhesions,information,1,1,1,1.0,1.0,0,1,1,0.5,1,1,1,1.0,1,1,1,1.0,2,10
rag_minilm_k10,minilm,10,eval_0070,What are the genetic changes related to anencephaly ?,3_GHR_QA::0000057::0000057-3,3_GHR_QA::0000057::0000057-3,3_GHR_QA::0000057::0000057,3_GHR_QA::0000057::0000057,anencephaly,genetic changes,0,1,1,0.5,0.6309297535714575,0,1,1,0.5,0,1,1,0.5,1,1,1,1.0,1,10
rag_minilm_k10,minilm,10,eval_0071,How to diagnose Loin pain hematuria syndrome ?,2_GARD_QA::0003662::0003662-4,2_GARD_QA::0003662::0003662-4,2_GARD_QA::0003662::0003662,2_GARD_QA::0003662::0003662,Loin pain hematuria syndrome,exams and tests,1,1,1,1.0,1.0,1,1,1,1.0,1,1,1,1.0,1,1,1,1.0,1,10
rag_minilm_k10,minilm,10,eval_0072,How many people are affected by early-onset primary dystonia ?,3_GHR_QA::0000312::0000312-2,3_GHR_QA::0000312::0000312-2,3_GHR_QA::0000312::0000312,3_GHR_QA::0000312::0000312,early-onset primary dystonia,frequency,1,1,1,1.0,1.0,1,1,1,1.0,1,1,1,1.0,1,1,1,1.0,1,10
rag_minilm_k10,minilm,10,eval_0073,Is Gordon syndrome inherited ?,2_GARD_QA::0002652::0002652-3,2_GARD_QA::0002652::0002652-3,2_GARD_QA::0002652::0002652,2_GARD_QA::0002652::0002652,Gordon syndrome,inheritance,1,1,1,1.0,1.0,1,1,1,1.0,1,1,1,1.0,1,1,1,1.0,1,10
rag_minilm_k10,minilm,10,eval_0074,What are the stages of Childhood Acute Myeloid Leukemia and Other Myeloid Malignancies ?,1_CancerGov_QA::0000001_7::0000001_7-6,1_CancerGov_QA::0000001_7::0000001_7-6,1_CancerGov_QA::0000001_7::0000001_7,1_CancerGov_QA::0000001_7::0000001_7,Childhood Acute Myeloid Leukemia and Other Myeloid Malignancies,stages,1,1,1,1.0,1.0,1,1,1,1.0,1,1,1,1.0,1,1,1,1.0,1,10
rag_minilm_k10,minilm,10,eval_0075,What are the genetic changes related to nonsyndromic aplasia cutis congenita ?,3_GHR_QA::0000734::0000734-3,3_GHR_QA::0000734::0000734-3,3_GHR_QA::0000734::0000734,3_GHR_QA::0000734::0000734,nonsyndromic aplasia cutis congenita,genetic changes,1,1,1,1.0,1.0,1,1,1,1.0,1,1,1,1.0,1,1,1,1.0,1,10
rag_minilm_k10,minilm,10,eval_0076,How many people are affected by lattice corneal dystrophy type I ?,3_GHR_QA::0000585::0000585-2,3_GHR_QA::0000585::0000585-2,3_GHR_QA::0000585::0000585,3_GHR_QA::0000585::0000585,lattice corneal dystrophy type I,frequency,1,1,1,1.0,1.0,1,1,1,1.0,1,1,1,1.0,1,1,1,1.0,1,10
rag_minilm_k10,minilm,10,eval_0077,What are the symptoms of Familial prostate cancer ?,2_GARD_QA::0002295::0002295-2,2_GARD_QA::0002295::0002295-2,2_GARD_QA::0002295::0002295,2_GARD_QA::0002295::0002295,Familial prostate cancer,symptoms,1,1,1,1.0,1.0,1,1,1,1.0,1,1,1,1.0,1,1,1,1.0,1,10
rag_minilm_k10,minilm,10,eval_0078,What is (are) Lennox-Gastaut Syndrome ?,6_NINDS_QA::0000179::0000179-1,2_GARD_QA::0003541::0003541-1|3_GHR_QA::0000592::0000592-1|6_NINDS_QA::0000179::0000179-1,6_NINDS_QA::0000179::0000179,2_GARD_QA::0003541::0003541|3_GHR_QA::0000592::0000592|6_NINDS_QA::0000179::0000179,Lennox-Gastaut Syndrome,information,1,1,1,1.0,0.8072467605676945,0,0,1,0.14285714285714285,1,1,1,1.0,1,1,1,1.0,3,10
rag_minilm_k10,minilm,10,eval_0079,What is (are) Pervasive Developmental Disorders ?,6_NINDS_QA::0000231::0000231-1,6_NINDS_QA::0000231::0000231-1,6_NINDS_QA::0000231::0000231,6_NINDS_QA::0000231::0000231,Pervasive Developmental Disorders,information,0,1,1,0.3333333333333333,0.5,0,1,1,0.3333333333333333,1,1,1,1.0,1,1,1,1.0,1,10
rag_minilm_k10,minilm,10,eval_0080,What is (are) Depression ?,4_MPlus_Health_Topics_QA::0000264::0000264-1,4_MPlus_Health_Topics_QA::0000264::0000264-1|7_SeniorHealth_QA::0000014::0000014-1|7_SeniorHealth_QA::0000014::0000014-10|7_SeniorHealth_QA::0000014::0000014-12,4_MPlus_Health_Topics_QA::0000264::0000264,4_MPlus_Health_Topics_QA::0000264::0000264|7_SeniorHealth_QA::0000014::0000014,Depression,information,1,1,1,1.0,0.9828920819566879,0,1,1,0.5,1,1,1,1.0,1,1,1,1.0,4,10
rag_minilm_k10,minilm,10,eval_0081,What is (are) Klebsiella infection ?,2_GARD_QA::0003396::0003396-1,2_GARD_QA::0003396::0003396-1,2_GARD_QA::0003396::0003396,2_GARD_QA::0003396::0003396,Klebsiella infection,information,0,1,1,0.5,0.6309297535714575,0,1,1,0.5,1,1,1,1.0,1,1,1,1.0,1,10
rag_minilm_k10,minilm,10,eval_0082,How many people are affected by Urinary Tract Infection In Adults ?,5_NIDDK_QA::0000214::0000214-4,5_NIDDK_QA::0000214::0000214-4,5_NIDDK_QA::0000214::0000214,5_NIDDK_QA::0000214::0000214,Urinary Tract Infection In Adults,frequency,1,1,1,1.0,1.0,1,1,1,1.0,1,1,1,1.0,1,1,1,1.0,1,10
rag_minilm_k10,minilm,10,eval_0083,What is (are) abetalipoproteinemia ?,3_GHR_QA::0000003::0000003-1,2_GARD_QA::0000011::0000011-1|3_GHR_QA::0000003::0000003-1,3_GHR_QA::0000003::0000003,2_GARD_QA::0000011::0000011|3_GHR_QA::0000003::0000003,abetalipoproteinemia,information,1,1,1,1.0,0.8315546295836225,0,0,1,0.16666666666666666,1,1,1,1.0,1,1,1,1.0,2,10
rag_minilm_k10,minilm,10,eval_0084,What are the treatments for What I need to know about Diarrhea ?,5_NIDDK_QA::0000127::0000127-7,5_NIDDK_QA::0000127::0000127-7,5_NIDDK_QA::0000127::0000127,5_NIDDK_QA::0000127::0000127,What I need to know about Diarrhea,treatment,1,1,1,1.0,1.0,1,1,1,1.0,1,1,1,1.0,1,1,1,1.0,1,10
rag_minilm_k10,minilm,10,eval_0085,What are the symptoms of Autoimmune atrophic gastritis ?,2_GARD_QA::0000530::0000530-2,2_GARD_QA::0000530::0000530-2,2_GARD_QA::0000530::0000530,2_GARD_QA::0000530::0000530,Autoimmune atrophic gastritis,symptoms,0,1,1,0.3333333333333333,0.5,0,1,1,0.3333333333333333,1,1,1,1.0,1,1,1,1.0,1,10
rag_minilm_k10,minilm,10,eval_0086,What are the symptoms of Athabaskan brainstem dysgenesis ?,2_GARD_QA::0000501::0000501-1,2_GARD_QA::0000501::0000501-1,2_GARD_QA::0000501::0000501,2_GARD_QA::0000501::0000501,Athabaskan brainstem dysgenesis,symptoms,1,1,1,1.0,1.0,1,1,1,1.0,1,1,1,1.0,1,1,1,1.0,1,10
rag_minilm_k10,minilm,10,eval_0087,How to diagnose Alzheimer's Disease ?,7_SeniorHealth_QA::0000004::0000004-20,7_SeniorHealth_QA::0000004::0000004-20|7_SeniorHealth_QA::0000004::0000004-21|7_SeniorHealth_QA::0000004::0000004-22,7_SeniorHealth_QA::0000004::0000004,7_SeniorHealth_QA::0000004::0000004,Alzheimer's Disease,exams and tests,1,1,1,1.0,0.9674679834891693,1,1,1,1.0,1,1,1,1.0,1,1,1,1.0,3,10
rag_minilm_k10,minilm,10,eval_0088,Is familial hemiplegic migraine inherited ?,3_GHR_QA::0000351::0000351-4,3_GHR_QA::0000351::0000351-4,3_GHR_QA::0000351::0000351,3_GHR_QA::0000351::0000351,familial hemiplegic migraine,inheritance,1,1,1,1.0,1.0,1,1,1,1.0,1,1,1,1.0,1,1,1,1.0,1,10
rag_minilm_k10,minilm,10,eval_0089,What are the symptoms of Cone dystrophy ?,2_GARD_QA::0001459::0001459-2,2_GARD_QA::0001459::0001459-2,2_GARD_QA::0001459::0001459,2_GARD_QA::0001459::0001459,Cone dystrophy,symptoms,0,1,1,0.5,0.6309297535714575,0,1,1,0.5,0,1,1,0.5,0,1,1,0.5,1,10
rag_minilm_k10,minilm,10,eval_0090,What are the treatments for Gorlin syndrome ?,3_GHR_QA::0000433::0000433-5,3_GHR_QA::0000433::0000433-5,3_GHR_QA::0000433::0000433,3_GHR_QA::0000433::0000433,Gorlin syndrome,treatment,1,1,1,1.0,1.0,1,1,1,1.0,1,1,1,1.0,1,1,1,1.0,1,10
rag_minilm_k10,minilm,10,eval_0091,what research (or clinical trials) is being done for Skin Cancer ?,7_SeniorHealth_QA::0000063::0000063-8,1_CancerGov_QA::0000028_1::0000028_1-7|1_CancerGov_QA::0000028_4::0000028_4-4|7_SeniorHealth_QA::0000063::0000063-30|7_SeniorHealth_QA::0000063::0000063-8,7_SeniorHealth_QA::0000063::0000063,1_CancerGov_QA::0000028_1::0000028_1|1_CancerGov_QA::0000028_4::0000028_4|7_SeniorHealth_QA::0000063::0000063,Skin Cancer,research,1,1,1,1.0,0.9047172294870751,0,0,1,0.2,1,1,1,1.0,1,1,1,1.0,4,10
rag_minilm_k10,minilm,10,eval_0092,what research (or clinical trials) is being done for Iniencephaly ?,6_NINDS_QA::0000164::0000164-4,6_NINDS_QA::0000164::0000164-4,6_NINDS_QA::0000164::0000164,6_NINDS_QA::0000164::0000164,Iniencephaly,research,1,1,1,1.0,1.0,1,1,1,1.0,1,1,1,1.0,1,1,1,1.0,1,10
rag_minilm_k10,minilm,10,eval_0093,What is (are) Bedbugs ?,4_MPlus_Health_Topics_QA::0000083::0000083-1,4_MPlus_Health_Topics_QA::0000083::0000083-1,4_MPlus_Health_Topics_QA::0000083::0000083,4_MPlus_Health_Topics_QA::0000083::0000083,Bedbugs,information,1,1,1,1.0,1.0,1,1,1,1.0,1,1,1,1.0,1,1,1,1.0,1,10
rag_minilm_k10,minilm,10,eval_0094,What are the symptoms of Marfanoid hypermobility syndrome ?,2_GARD_QA::0003802::0003802-1,2_GARD_QA::0003802::0003802-1,2_GARD_QA::0003802::0003802,2_GARD_QA::0003802::0003802,Marfanoid hypermobility syndrome,symptoms,1,1,1,1.0,1.0,1,1,1,1.0,1,1,1,1.0,1,1,1,1.0,1,10
rag_minilm_k10,minilm,10,eval_0095,What are the genetic changes related to hereditary sensory neuropathy type IA ?,3_GHR_QA::0000475::0000475-3,3_GHR_QA::0000475::0000475-3,3_GHR_QA::0000475::0000475,3_GHR_QA::0000475::0000475,hereditary sensory neuropathy type IA,genetic changes,0,1,1,0.3333333333333333,0.5,0,1,1,0.3333333333333333,1,1,1,1.0,1,1,1,1.0,1,10
rag_minilm_k10,minilm,10,eval_0096,What is (are) Heart Failure ?,7_SeniorHealth_QA::0000034::0000034-1,4_MPlus_Health_Topics_QA::0000446::0000446-1|7_SeniorHealth_QA::0000034::0000034-1|7_SeniorHealth_QA::0000034::0000034-11|7_SeniorHealth_QA::0000034::0000034-17|7_SeniorHealth_QA::0000034::0000034-24|8_NHLBI_QA_XML::0000061::0000061-1,7_SeniorHealth_QA::0000034::0000034,4_MPlus_Health_Topics_QA::0000446::0000446|7_SeniorHealth_QA::0000034::0000034|8_NHLBI_QA_XML::0000061::0000061,Heart Failure,information,1,1,1,1.0,0.8277566336180304,0,1,1,0.3333333333333333,1,1,1,1.0,1,1,1,1.0,6,10
rag_minilm_k10,minilm,10,eval_0097,What is (are) fragile X-associated primary ovarian insufficiency ?,3_GHR_QA::0000382::0000382-1,3_GHR_QA::0000382::0000382-1,3_GHR_QA::0000382::0000382,3_GHR_QA::0000382::0000382,fragile X-associated primary ovarian insufficiency,information,0,1,1,0.3333333333333333,0.5,0,1,1,0.3333333333333333,1,1,1,1.0,1,1,1,1.0,1,10
rag_minilm_k10,minilm,10,eval_0098,What are the symptoms of Birdshot chorioretinopathy ?,2_GARD_QA::0000738::0000738-2,2_GARD_QA::0000738::0000738-2,2_GARD_QA::0000738::0000738,2_GARD_QA::0000738::0000738,Birdshot chorioretinopathy,symptoms,1,1,1,1.0,1.0,1,1,1,1.0,1,1,1,1.0,1,1,1,1.0,1,10
rag_minilm_k10,minilm,10,eval_0099,What are the symptoms of Warm antibody hemolytic anemia ?,2_GARD_QA::0006400::0006400-2,2_GARD_QA::0006400::0006400-2,2_GARD_QA::0006400::0006400,2_GARD_QA::0006400::0006400,Warm antibody hemolytic anemia,symptoms,1,1,1,1.0,1.0,1,1,1,1.0,1,1,1,1.0,1,1,1,1.0,1,10
rag_minilm_k10,minilm,10,eval_0100,What is (are) Glutamate formiminotransferase deficiency ?,2_GARD_QA::0002601::0002601-1,2_GARD_QA::0002601::0002601-1|3_GHR_QA::0000416::0000416-1,2_GARD_QA::0002601::0002601,2_GARD_QA::0002601::0002601|3_GHR_QA::0000416::0000416,Glutamate formiminotransferase deficiency,information,0,1,1,0.5,0.6934264036172708,0,1,1,0.5,1,1,1,1.0,1,1,1,1.0,2,10
rag_minilm_k10,minilm,10,eval_0101,What is the outlook for Intraocular (Uveal) Melanoma ?,1_CancerGov_QA::0000017_1::0000017_1-5,1_CancerGov_QA::0000017_1::0000017_1-5,1_CancerGov_QA::0000017_1::0000017_1,1_CancerGov_QA::0000017_1::0000017_1,Intraocular (Uveal) Melanoma,outlook,1,1,1,1.0,1.0,1,1,1,1.0,1,1,1,1.0,1,1,1,1.0,1,10
rag_minilm_k10,minilm,10,eval_0102,What is (are) Rett Syndrome ?,6_NINDS_QA::0000247::0000247-1,2_GARD_QA::0005347::0005347-1|3_GHR_QA::0000874::0000874-1|4_MPlus_Health_Topics_QA::0000779::0000779-1|6_NINDS_QA::0000247::0000247-1,6_NINDS_QA::0000247::0000247,2_GARD_QA::0005347::0005347|3_GHR_QA::0000874::0000874|4_MPlus_Health_Topics_QA::0000779::0000779|6_NINDS_QA::0000247::0000247,Rett Syndrome,information,1,1,1,1.0,0.9349366583346498,0,1,1,0.5,1,1,1,1.0,1,1,1,1.0,4,10
rag_minilm_k10,minilm,10,eval_0103,How many people are affected by lactose intolerance ?,3_GHR_QA::0000573::0000573-2,3_GHR_QA::0000573::0000573-2,3_GHR_QA::0000573::0000573,3_GHR_QA::0000573::0000573,lactose intolerance,frequency,1,1,1,1.0,1.0,1,1,1,1.0,1,1,1,1.0,1,1,1,1.0,1,10
rag_minilm_k10,minilm,10,eval_0104,What are the symptoms of Oculomaxillofacial dysostosis ?,2_GARD_QA::0004511::0004511-1,2_GARD_QA::0004511::0004511-1,2_GARD_QA::0004511::0004511,2_GARD_QA::0004511::0004511,Oculomaxillofacial dysostosis,symptoms,1,1,1,1.0,1.0,1,1,1,1.0,1,1,1,1.0,1,1,1,1.0,1,10
rag_minilm_k10,minilm,10,eval_0105,What are the genetic changes related to familial cold autoinflammatory syndrome ?,3_GHR_QA::0000342::0000342-3,3_GHR_QA::0000342::0000342-3,3_GHR_QA::0000342::0000342,3_GHR_QA::0000342::0000342,familial cold autoinflammatory syndrome,genetic changes,1,1,1,1.0,1.0,1,1,1,1.0,1,1,1,1.0,1,1,1,1.0,1,10
rag_minilm_k10,minilm,10,eval_0106,What is (are) GLUT1 deficiency syndrome ?,3_GHR_QA::0000415::0000415-1,3_GHR_QA::0000415::0000415-1,3_GHR_QA::0000415::0000415,3_GHR_QA::0000415::0000415,GLUT1 deficiency syndrome,information,0,1,1,0.5,0.6309297535714575,0,1,1,0.5,1,1,1,1.0,1,1,1,1.0,1,10
rag_minilm_k10,minilm,10,eval_0107,What are the symptoms of Thoraco abdominal enteric duplication ?,2_GARD_QA::0006070::0006070-1,2_GARD_QA::0006070::0006070-1,2_GARD_QA::0006070::0006070,2_GARD_QA::0006070::0006070,Thoraco abdominal enteric duplication,symptoms,1,1,1,1.0,1.0,1,1,1,1.0,1,1,1,1.0,1,1,1,1.0,1,10
rag_minilm_k10,minilm,10,eval_0108,What is (are) Legionnaires' Disease ?,4_MPlus_Health_Topics_QA::0000552::0000552-1,4_MPlus_Health_Topics_QA::0000552::0000552-1,4_MPlus_Health_Topics_QA::0000552::0000552,4_MPlus_Health_Topics_QA::0000552::0000552,Legionnaires' Disease,information,1,1,1,1.0,1.0,1,1,1,1.0,1,1,1,1.0,1,1,1,1.0,1,10
rag_minilm_k10,minilm,10,eval_0109,what research (or clinical trials) is being done for Diabetic Retinopathy ?,7_SeniorHealth_QA::0000016::0000016-21,7_SeniorHealth_QA::0000016::0000016-21,7_SeniorHealth_QA::0000016::0000016,7_SeniorHealth_QA::0000016::0000016,Diabetic Retinopathy,research,1,1,1,1.0,1.0,1,1,1,1.0,1,1,1,1.0,1,1,1,1.0,1,10
rag_minilm_k10,minilm,10,eval_0110,What is (are) Adult Primary Liver Cancer ?,1_CancerGov_QA::0000007_1::0000007_1-1,1_CancerGov_QA::0000007_1::0000007_1-1,1_CancerGov_QA::0000007_1::0000007_1,1_CancerGov_QA::0000007_1::0000007_1,Adult Primary Liver Cancer,information,1,1,1,1.0,1.0,1,1,1,1.0,1,1,1,1.0,1,1,1,1.0,1,10
rag_minilm_k10,minilm,10,eval_0111,What is (are) Brain Aneurysm ?,4_MPlus_Health_Topics_QA::0000124::0000124-1,4_MPlus_Health_Topics_QA::0000124::0000124-1,4_MPlus_Health_Topics_QA::0000124::0000124,4_MPlus_Health_Topics_QA::0000124::0000124,Brain Aneurysm,information,1,1,1,1.0,1.0,1,1,1,1.0,1,1,1,1.0,1,1,1,1.0,1,10
rag_minilm_k10,minilm,10,eval_0112,What are the treatments for Frontotemporal Dementia ?,6_NINDS_QA::0000100::0000100-2,6_NINDS_QA::0000100::0000100-2,6_NINDS_QA::0000100::0000100,6_NINDS_QA::0000100::0000100,Frontotemporal Dementia,treatment,1,1,1,1.0,1.0,1,1,1,1.0,1,1,1,1.0,1,1,1,1.0,1,10
rag_minilm_k10,minilm,10,eval_0113,What is (are) Anencephaly ?,2_GARD_QA::0000341::0000341-1,2_GARD_QA::0000341::0000341-1|3_GHR_QA::0000057::0000057-1|6_NINDS_QA::0000019::0000019-1,2_GARD_QA::0000341::0000341,2_GARD_QA::0000341::0000341|3_GHR_QA::0000057::0000057|6_NINDS_QA::0000019::0000019,Anencephaly,information,1,1,1,1.0,1.0,0,1,1,0.3333333333333333,1,1,1,1.0,1,1,1,1.0,3,10
rag_minilm_k10,minilm,10,eval_0114,What are the symptoms of Joubert syndrome 2 ?,2_GARD_QA::0003309::0003309-1,2_GARD_QA::0003309::0003309-1,2_GARD_QA::0003309::0003309,2_GARD_QA::0003309::0003309,Joubert syndrome 2,symptoms,1,1,1,1.0,1.0,1,1,1,1.0,1,1,1,1.0,1,1,1,1.0,1,10
rag_minilm_k10,minilm,10,eval_0115,What is (are) Cerebellar Hypoplasia ?,6_NINDS_QA::0000067::0000067-1,6_NINDS_QA::0000067::0000067-1,6_NINDS_QA::0000067::0000067,6_NINDS_QA::0000067::0000067,Cerebellar Hypoplasia,information,1,1,1,1.0,1.0,1,1,1,1.0,1,1,1,1.0,1,1,1,1.0,1,10
rag_minilm_k10,minilm,10,eval_0116,Is Cold agglutinin disease inherited ?,2_GARD_QA::0001415::0001415-4,2_GARD_QA::0001415::0001415-4,2_GARD_QA::0001415::0001415,2_GARD_QA::0001415::0001415,Cold agglutinin disease,inheritance,1,1,1,1.0,1.0,1,1,1,1.0,1,1,1,1.0,1,1,1,1.0,1,10
rag_minilm_k10,minilm,10,eval_0117,What is (are) Frontonasal dysplasia ?,2_GARD_QA::0002446::0002446-1,2_GARD_QA::0002446::0002446-1|3_GHR_QA::0000390::0000390-1,2_GARD_QA::0002446::0002446,2_GARD_QA::0002446::0002446|3_GHR_QA::0000390::0000390,Frontonasal dysplasia,information,1,1,1,1.0,1.0,1,1,1,1.0,1,1,1,1.0,1,1,1,1.0,2,10
rag_minilm_k10,minilm,10,eval_0118,Is COL4A1-related brain small-vessel disease inherited ?,3_GHR_QA::0000199::0000199-4,3_GHR_QA::0000199::0000199-4,3_GHR_QA::0000199::0000199,3_GHR_QA::0000199::0000199,COL4A1-related brain small-vessel disease,inheritance,1,1,1,1.0,1.0,1,1,1,1.0,1,1,1,1.0,1,1,1,1.0,1,10
rag_minilm_k10,minilm,10,eval_0119,What causes Polycystic Kidney Disease ?,5_NIDDK_QA::0000167::0000167-2,5_NIDDK_QA::0000167::0000167-2,5_NIDDK_QA::0000167::0000167,5_NIDDK_QA::0000167::0000167,Polycystic Kidney Disease,causes,0,0,1,0.16666666666666666,0.3562071871080222,0,0,1,0.16666666666666666,0,1,1,0.5,1,1,1,1.0,1,10
rag_minilm_k10,minilm,10,eval_0120,Is X-linked dystonia-parkinsonism inherited ?,3_GHR_QA::0001051::0001051-4,3_GHR_QA::0001051::0001051-4,3_GHR_QA::0001051::0001051,3_GHR_QA::0001051::0001051,X-linked dystonia-parkinsonism,inheritance,1,1,1,1.0,1.0,1,1,1,1.0,1,1,1,1.0,1,1,1,1.0,1,10
rag_minilm_k10,minilm,10,eval_0121,What are the symptoms of Troyer syndrome ?,2_GARD_QA::0006224::0006224-2,2_GARD_QA::0006224::0006224-2,2_GARD_QA::0006224::0006224,2_GARD_QA::0006224::0006224,Troyer syndrome,symptoms,1,1,1,1.0,1.0,1,1,1,1.0,1,1,1,1.0,1,1,1,1.0,1,10
rag_minilm_k10,minilm,10,eval_0122,What are the treatments for Noonan syndrome 1 ?,2_GARD_QA::0004451::0004451-3,2_GARD_QA::0004451::0004451-3,2_GARD_QA::0004451::0004451,2_GARD_QA::0004451::0004451,Noonan syndrome 1,treatment,1,1,1,1.0,1.0,1,1,1,1.0,1,1,1,1.0,1,1,1,1.0,1,10
rag_minilm_k10,minilm,10,eval_0123,What is (are) Familial hemiplegic migraine ?,2_GARD_QA::0002254::0002254-1,2_GARD_QA::0002254::0002254-1|3_GHR_QA::0000351::0000351-1,2_GARD_QA::0002254::0002254,2_GARD_QA::0002254::0002254|3_GHR_QA::0000351::0000351,Familial hemiplegic migraine,information,1,1,1,1.0,0.9197207891481876,1,1,1,1.0,1,1,1,1.0,1,1,1,1.0,2,10
rag_minilm_k10,minilm,10,eval_0124,What are the symptoms of Goodpasture Syndrome ?,5_NIDDK_QA::0000145::0000145-3,5_NIDDK_QA::0000145::0000145-3,5_NIDDK_QA::0000145::0000145,5_NIDDK_QA::0000145::0000145,Goodpasture Syndrome,symptoms,1,1,1,1.0,1.0,1,1,1,1.0,1,1,1,1.0,1,1,1,1.0,1,10
rag_minilm_k10,minilm,10,eval_0125,What are the symptoms of Multisystemic smooth muscle dysfunction syndrome ?,2_GARD_QA::0004212::0004212-2,2_GARD_QA::0004212::0004212-2,2_GARD_QA::0004212::0004212,2_GARD_QA::0004212::0004212,Multisystemic smooth muscle dysfunction syndrome,symptoms,1,1,1,1.0,1.0,1,1,1,1.0,1,1,1,1.0,1,1,1,1.0,1,10
rag_minilm_k10,minilm,10,eval_0126,What are the treatments for hereditary myopathy with early respiratory failure ?,3_GHR_QA::0000467::0000467-5,3_GHR_QA::0000467::0000467-5,3_GHR_QA::0000467::0000467,3_GHR_QA::0000467::0000467,hereditary myopathy with early respiratory failure,treatment,1,1,1,1.0,1.0,1,1,1,1.0,1,1,1,1.0,1,1,1,1.0,1,10
rag_minilm_k10,minilm,10,eval_0127,What are the genetic changes related to Brugada syndrome ?,3_GHR_QA::0000140::0000140-3,3_GHR_QA::0000140::0000140-3,3_GHR_QA::0000140::0000140,3_GHR_QA::0000140::0000140,Brugada syndrome,genetic changes,0,1,1,0.5,0.6309297535714575,0,1,1,0.5,1,1,1,1.0,1,1,1,1.0,1,10
rag_minilm_k10,minilm,10,eval_0128,"What is (are) Parasites - Lice - Pubic ""Crab"" Lice ?",9_CDC_QA::0000339::0000339-1,9_CDC_QA::0000339::0000339-1,9_CDC_QA::0000339::0000339,9_CDC_QA::0000339::0000339,"Parasites - Lice - Pubic ""Crab"" Lice",information,1,1,1,1.0,1.0,1,1,1,1.0,1,1,1,1.0,1,1,1,1.0,1,10
rag_minilm_k10,minilm,10,eval_0129,What are the symptoms of Aniridia ?,2_GARD_QA::0000362::0000362-2,2_GARD_QA::0000362::0000362-2,2_GARD_QA::0000362::0000362,2_GARD_QA::0000362::0000362,Aniridia,symptoms,1,1,1,1.0,1.0,1,1,1,1.0,1,1,1,1.0,1,1,1,1.0,1,10
rag_minilm_k10,minilm,10,eval_0130,What are the symptoms of Hemifacial microsomia ?,2_GARD_QA::0002760::0002760-2,2_GARD_QA::0002760::0002760-2,2_GARD_QA::0002760::0002760,2_GARD_QA::0002760::0002760,Hemifacial microsomia,symptoms,1,1,1,1.0,1.0,1,1,1,1.0,1,1,1,1.0,1,1,1,1.0,1,10
rag_minilm_k10,minilm,10,eval_0131,Do you have information about Farm Health and Safety,4_MPlus_Health_Topics_QA::0000354::0000354-1,4_MPlus_Health_Topics_QA::0000354::0000354-1,4_MPlus_Health_Topics_QA::0000354::0000354,4_MPlus_Health_Topics_QA::0000354::0000354,Farm Health and Safety,information,1,1,1,1.0,1.0,1,1,1,1.0,1,1,1,1.0,1,1,1,1.0,1,10
rag_minilm_k10,minilm,10,eval_0132,What is (are) Legius syndrome ?,3_GHR_QA::0000590::0000590-1,3_GHR_QA::0000590::0000590-1,3_GHR_QA::0000590::0000590,3_GHR_QA::0000590::0000590,Legius syndrome,information,1,1,1,1.0,1.0,1,1,1,1.0,1,1,1,1.0,1,1,1,1.0,1,10
rag_minilm_k10,minilm,10,eval_0133,What is (are) Diabetic Retinopathy ?,7_SeniorHealth_QA::0000016::0000016-1,7_SeniorHealth_QA::0000016::0000016-1|7_SeniorHealth_QA::0000016::0000016-13|7_SeniorHealth_QA::0000016::0000016-17|7_SeniorHealth_QA::0000016::0000016-26|7_SeniorHealth_QA::0000016::0000016-6|7_SeniorHealth_QA::0000016::0000016-7,7_SeniorHealth_QA::0000016::0000016,7_SeniorHealth_QA::0000016::0000016,Diabetic Retinopathy,information,1,1,1,1.0,0.8313773227400804,0,0,1,0.1111111111111111,1,1,1,1.0,1,1,1,1.0,6,10
rag_minilm_k10,minilm,10,eval_0134,Do you have information about Ozone,4_MPlus_Health_Topics_QA::0000677::0000677-1,4_MPlus_Health_Topics_QA::0000677::0000677-1,4_MPlus_Health_Topics_QA::0000677::0000677,4_MPlus_Health_Topics_QA::0000677::0000677,Ozone,information,1,1,1,1.0,1.0,1,1,1,1.0,1,1,1,1.0,1,1,1,1.0,1,10
rag_minilm_k10,minilm,10,eval_0135,What is (are) Nance-Horan syndrome ?,2_GARD_QA::0004310::0004310-1,2_GARD_QA::0004310::0004310-1,2_GARD_QA::0004310::0004310,2_GARD_QA::0004310::0004310,Nance-Horan syndrome,information,1,1,1,1.0,1.0,1,1,1,1.0,1,1,1,1.0,1,1,1,1.0,1,10
rag_minilm_k10,minilm,10,eval_0136,What are the treatments for Postural orthostatic tachycardia syndrome ?,2_GARD_QA::0005004::0005004-6,2_GARD_QA::0005004::0005004-6,2_GARD_QA::0005004::0005004,2_GARD_QA::0005004::0005004,Postural orthostatic tachycardia syndrome,treatment,0,1,1,0.5,0.6309297535714575,0,1,1,0.5,0,1,1,0.5,0,1,1,0.5,1,10
rag_minilm_k10,minilm,10,eval_0137,How many people are affected by Bart-Pumphrey syndrome ?,3_GHR_QA::0000109::0000109-2,3_GHR_QA::0000109::0000109-2,3_GHR_QA::0000109::0000109,3_GHR_QA::0000109::0000109,Bart-Pumphrey syndrome,frequency,0,1,1,0.5,0.6309297535714575,0,1,1,0.5,0,1,1,0.5,0,1,1,0.5,1,10
rag_minilm_k10,minilm,10,eval_0138,What are the genetic changes related to osteoporosis-pseudoglioma syndrome ?,3_GHR_QA::0000760::0000760-3,3_GHR_QA::0000760::0000760-3,3_GHR_QA::0000760::0000760,3_GHR_QA::0000760::0000760,osteoporosis-pseudoglioma syndrome,genetic changes,0,1,1,0.3333333333333333,0.5,0,1,1,0.3333333333333333,1,1,1,1.0,1,1,1,1.0,1,10
rag_minilm_k10,minilm,10,eval_0139,Is 22q13.3 deletion syndrome inherited ?,3_GHR_QA::0001086::0001086-4,3_GHR_QA::0001086::0001086-4,3_GHR_QA::0001086::0001086,3_GHR_QA::0001086::0001086,22q13.3 deletion syndrome,inheritance,1,1,1,1.0,1.0,1,1,1,1.0,1,1,1,1.0,1,1,1,1.0,1,10
rag_minilm_k10,minilm,10,eval_0140,What are the treatments for Progressive Supranuclear Palsy ?,6_NINDS_QA::0000242::0000242-2,3_GHR_QA::0000832::0000832-5|6_NINDS_QA::0000242::0000242-2,6_NINDS_QA::0000242::0000242,3_GHR_QA::0000832::0000832|6_NINDS_QA::0000242::0000242,Progressive Supranuclear Palsy,treatment,1,1,1,1.0,1.0,1,1,1,1.0,1,1,1,1.0,1,1,1,1.0,2,10
rag_minilm_k10,minilm,10,eval_0141,How many people are affected by Sotos syndrome ?,3_GHR_QA::0000923::0000923-2,3_GHR_QA::0000923::0000923-2,3_GHR_QA::0000923::0000923,3_GHR_QA::0000923::0000923,Sotos syndrome,frequency,1,1,1,1.0,1.0,1,1,1,1.0,1,1,1,1.0,1,1,1,1.0,1,10
rag_minilm_k10,minilm,10,eval_0142,Is Neutral lipid storage disease with myopathy inherited ?,2_GARD_QA::0004401::0004401-4,2_GARD_QA::0004401::0004401-4|3_GHR_QA::0000729::0000729-4,2_GARD_QA::0004401::0004401,2_GARD_QA::0004401::0004401|3_GHR_QA::0000729::0000729,Neutral lipid storage disease with myopathy,inheritance,1,1,1,1.0,1.0,0,1,1,0.5,1,1,1,1.0,1,1,1,1.0,2,10
rag_minilm_k10,minilm,10,eval_0143,Is Costeff syndrome inherited ?,3_GHR_QA::0000244::0000244-4,3_GHR_QA::0000244::0000244-4,3_GHR_QA::0000244::0000244,3_GHR_QA::0000244::0000244,Costeff syndrome,inheritance,1,1,1,1.0,1.0,1,1,1,1.0,1,1,1,1.0,1,1,1,1.0,1,10
rag_minilm_k10,minilm,10,eval_0144,What are the symptoms of Lymphomatoid papulosis ?,2_GARD_QA::0003715::0003715-2,2_GARD_QA::0003715::0003715-2,2_GARD_QA::0003715::0003715,2_GARD_QA::0003715::0003715,Lymphomatoid papulosis,symptoms,1,1,1,1.0,1.0,1,1,1,1.0,1,1,1,1.0,1,1,1,1.0,1,10
rag_minilm_k10,minilm,10,eval_0145,What is (are) Mitochondrial genetic disorders ?,2_GARD_QA::0004086::0004086-1,2_GARD_QA::0004086::0004086-1,2_GARD_QA::0004086::0004086,2_GARD_QA::0004086::0004086,Mitochondrial genetic disorders,information,1,1,1,1.0,1.0,1,1,1,1.0,1,1,1,1.0,1,1,1,1.0,1,10
rag_minilm_k10,minilm,10,eval_0146,What causes Pontocerebellar hypoplasia type 1 ?,2_GARD_QA::0004971::0004971-3,2_GARD_QA::0004971::0004971-3,2_GARD_QA::0004971::0004971,2_GARD_QA::0004971::0004971,Pontocerebellar hypoplasia type 1,causes,0,1,1,0.3333333333333333,0.5,0,1,1,0.3333333333333333,1,1,1,1.0,1,1,1,1.0,1,10
rag_minilm_k10,minilm,10,eval_0147,how is rabies diagnosed?,9_CDC_QA::0000342::0000342-6,9_CDC_QA::0000342::0000342-6,9_CDC_QA::0000342::0000342,9_CDC_QA::0000342::0000342,Rabies,exams and tests,1,1,1,1.0,1.0,1,1,1,1.0,1,1,1,1.0,1,1,1,1.0,1,10
rag_minilm_k10,minilm,10,eval_0148,What causes Wilson Disease ?,5_NIDDK_QA::0000133::0000133-3,2_GARD_QA::0006449::0006449-3|5_NIDDK_QA::0000133::0000133-3,5_NIDDK_QA::0000133::0000133,2_GARD_QA::0006449::0006449|5_NIDDK_QA::0000133::0000133,Wilson Disease,causes,1,1,1,1.0,0.8772153153380493,0,0,1,0.25,1,1,1,1.0,1,1,1,1.0,2,10
rag_minilm_k10,minilm,10,eval_0149,Is Romano-Ward syndrome inherited ?,3_GHR_QA::0000883::0000883-4,3_GHR_QA::0000883::0000883-4,3_GHR_QA::0000883::0000883,3_GHR_QA::0000883::0000883,Romano-Ward syndrome,inheritance,1,1,1,1.0,1.0,1,1,1,1.0,1,1,1,1.0,1,1,1,1.0,1,10
rag_minilm_k10,minilm,10,eval_0150,Who is at risk for Osteoporosis? ?,7_SeniorHealth_QA::0000050::0000050-15,7_SeniorHealth_QA::0000050::0000050-13|7_SeniorHealth_QA::0000050::0000050-14|7_SeniorHealth_QA::0000050::0000050-15|7_SeniorHealth_QA::0000050::0000050-16|7_SeniorHealth_QA::0000050::0000050-19|7_SeniorHealth_QA::0000050::0000050-2,7_SeniorHealth_QA::0000050::0000050,7_SeniorHealth_QA::0000050::0000050,Osteoporosis,susceptibility,1,1,1,1.0,0.9838048780283076,0,0,1,0.14285714285714285,1,1,1,1.0,1,1,1,1.0,6,10
rag_minilm_k10,minilm,10,eval_0151,How many people are affected by metatropic dysplasia ?,3_GHR_QA::0000648::0000648-2,3_GHR_QA::0000648::0000648-2,3_GHR_QA::0000648::0000648,3_GHR_QA::0000648::0000648,metatropic dysplasia,frequency,1,1,1,1.0,1.0,1,1,1,1.0,1,1,1,1.0,1,1,1,1.0,1,10
rag_minilm_k10,minilm,10,eval_0152,Who is at risk for Breast Cancer? ?,7_SeniorHealth_QA::0000008::0000008-13,1_CancerGov_QA::0000027_1::0000027_1-2|1_CancerGov_QA::0000027_3::0000027_3-2|1_CancerGov_QA::0000027_4::0000027_4-3|1_CancerGov_QA::0000027_5::0000027_5-2|7_SeniorHealth_QA::0000008::0000008-13|7_SeniorHealth_QA::0000008::0000008-16|7_SeniorHealth_QA::0000008::0000008-2|7_SeniorHealth_QA::0000008::0000008-26|7_SeniorHealth_QA::0000008::0000008-3,7_SeniorHealth_QA::0000008::0000008,1_CancerGov_QA::0000027_1::0000027_1|1_CancerGov_QA::0000027_3::0000027_3|1_CancerGov_QA::0000027_4::0000027_4|1_CancerGov_QA::0000027_5::0000027_5|7_SeniorHealth_QA::0000008::0000008,Breast Cancer,susceptibility,1,1,1,1.0,0.8055162502048928,1,1,1,1.0,1,1,1,1.0,1,1,1,1.0,9,10
rag_minilm_k10,minilm,10,eval_0153,What are the symptoms of Mucopolysaccharidosis type IIID ?,2_GARD_QA::0004161::0004161-2,2_GARD_QA::0004161::0004161-2,2_GARD_QA::0004161::0004161,2_GARD_QA::0004161::0004161,Mucopolysaccharidosis type IIID,symptoms,1,1,1,1.0,1.0,1,1,1,1.0,1,1,1,1.0,1,1,1,1.0,1,10
rag_minilm_k10,minilm,10,eval_0154,How many people are affected by autosomal dominant hypocalcemia ?,3_GHR_QA::0000092::0000092-2,3_GHR_QA::0000092::0000092-2,3_GHR_QA::0000092::0000092,3_GHR_QA::0000092::0000092,autosomal dominant hypocalcemia,frequency,1,1,1,1.0,1.0,1,1,1,1.0,1,1,1,1.0,1,1,1,1.0,1,10
rag_minilm_k10,minilm,10,eval_0155,What are the symptoms of RHYNS syndrome ?,2_GARD_QA::0005370::0005370-1,2_GARD_QA::0005370::0005370-1,2_GARD_QA::0005370::0005370,2_GARD_QA::0005370::0005370,RHYNS syndrome,symptoms,1,1,1,1.0,1.0,1,1,1,1.0,1,1,1,1.0,1,1,1,1.0,1,10
rag_minilm_k10,minilm,10,eval_0156,What are the treatments for progressive familial intrahepatic cholestasis ?,3_GHR_QA::0000829::0000829-5,3_GHR_QA::0000829::0000829-5,3_GHR_QA::0000829::0000829,3_GHR_QA::0000829::0000829,progressive familial intrahepatic cholestasis,treatment,1,1,1,1.0,1.0,1,1,1,1.0,1,1,1,1.0,1,1,1,1.0,1,10
rag_minilm_k10,minilm,10,eval_0157,What are the symptoms of Tracheobronchomalacia ?,2_GARD_QA::0006138::0006138-2,2_GARD_QA::0006138::0006138-2,2_GARD_QA::0006138::0006138,2_GARD_QA::0006138::0006138,Tracheobronchomalacia,symptoms,1,1,1,1.0,1.0,1,1,1,1.0,1,1,1,1.0,1,1,1,1.0,1,10
rag_minilm_k10,minilm,10,eval_0158,What causes Proctitis ?,5_NIDDK_QA::0000119::0000119-3,5_NIDDK_QA::0000119::0000119-3|5_NIDDK_QA::0000119::0000119-4,5_NIDDK_QA::0000119::0000119,5_NIDDK_QA::0000119::0000119,Proctitis,causes,1,1,1,1.0,1.0,1,1,1,1.0,1,1,1,1.0,1,1,1,1.0,2,10
rag_minilm_k10,minilm,10,eval_0159,How many people are affected by hereditary diffuse gastric cancer ?,3_GHR_QA::0000458::0000458-2,3_GHR_QA::0000458::0000458-2,3_GHR_QA::0000458::0000458,3_GHR_QA::0000458::0000458,hereditary diffuse gastric cancer,frequency,1,1,1,1.0,1.0,1,1,1,1.0,1,1,1,1.0,1,1,1,1.0,1,10
rag_minilm_k10,minilm,10,eval_0160,"What causes Ehlers-Danlos syndrome, progeroid type ?",2_GARD_QA::0002061::0002061-3,2_GARD_QA::0002061::0002061-3,2_GARD_QA::0002061::0002061,2_GARD_QA::0002061::0002061,"Ehlers-Danlos syndrome, progeroid type",causes,0,1,1,0.5,0.6309297535714575,0,1,1,0.5,1,1,1,1.0,1,1,1,1.0,1,10
rag_minilm_k10,minilm,10,eval_0161,What are the symptoms of Sarcoidosis ?,8_NHLBI_QA_XML::0000116::0000116-4,2_GARD_QA::0005471::0005471-2|8_NHLBI_QA_XML::0000116::0000116-4,8_NHLBI_QA_XML::0000116::0000116,2_GARD_QA::0005471::0005471|8_NHLBI_QA_XML::0000116::0000116,Sarcoidosis,symptoms,1,1,1,1.0,1.0,0,1,1,0.5,1,1,1,1.0,1,1,1,1.0,2,10
rag_minilm_k10,minilm,10,eval_0162,How many people are affected by atypical hemolytic-uremic syndrome ?,3_GHR_QA::0000085::0000085-2,3_GHR_QA::0000085::0000085-2,3_GHR_QA::0000085::0000085,3_GHR_QA::0000085::0000085,atypical hemolytic-uremic syndrome,frequency,1,1,1,1.0,1.0,1,1,1,1.0,1,1,1,1.0,1,1,1,1.0,1,10
rag_minilm_k10,minilm,10,eval_0163,What are the treatments for Ghosal hematodiaphyseal dysplasia ?,3_GHR_QA::0000404::0000404-5,3_GHR_QA::0000404::0000404-5,3_GHR_QA::0000404::0000404,3_GHR_QA::0000404::0000404,Ghosal hematodiaphyseal dysplasia,treatment,1,1,1,1.0,1.0,1,1,1,1.0,1,1,1,1.0,1,1,1,1.0,1,10
rag_minilm_k10,minilm,10,eval_0164,What is (are) Diabetes mellitus type 1 ?,2_GARD_QA::0001824::0001824-1,2_GARD_QA::0001824::0001824-1,2_GARD_QA::0001824::0001824,2_GARD_QA::0001824::0001824,Diabetes mellitus type 1,information,0,1,1,0.5,0.6309297535714575,0,1,1,0.5,0,1,1,0.5,0,1,1,0.5,1,10
rag_minilm_k10,minilm,10,eval_0165,What is (are) glucose-6-phosphate dehydrogenase deficiency ?,3_GHR_QA::0000413::0000413-1,2_GARD_QA::0002595::0002595-1|3_GHR_QA::0000413::0000413-1,3_GHR_QA::0000413::0000413,2_GARD_QA::0002595::0002595|3_GHR_QA::0000413::0000413,glucose-6-phosphate dehydrogenase deficiency,information,1,1,1,1.0,1.0,0,1,1,0.5,1,1,1,1.0,1,1,1,1.0,2,10
rag_minilm_k10,minilm,10,eval_0166,What are the treatments for Factor XIII deficiency ?,2_GARD_QA::0002222::0002222-3,2_GARD_QA::0002222::0002222-3|3_GHR_QA::0000338::0000338-5,2_GARD_QA::0002222::0002222,2_GARD_QA::0002222::0002222|3_GHR_QA::0000338::0000338,Factor XIII deficiency,treatment,1,1,1,1.0,1.0,1,1,1,1.0,1,1,1,1.0,1,1,1,1.0,2,10
rag_minilm_k10,minilm,10,eval_0167,What are the symptoms of Spastic paraplegia 2 ?,2_GARD_QA::0005709::0005709-1,2_GARD_QA::0005709::0005709-1,2_GARD_QA::0005709::0005709,2_GARD_QA::0005709::0005709,Spastic paraplegia 2,symptoms,1,1,1,1.0,1.0,1,1,1,1.0,1,1,1,1.0,1,1,1,1.0,1,10
rag_minilm_k10,minilm,10,eval_0168,"What are the treatments for Crigler Najjar syndrome, type 2 ?",2_GARD_QA::0001666::0001666-3,2_GARD_QA::0001666::0001666-3,2_GARD_QA::0001666::0001666,2_GARD_QA::0001666::0001666,"Crigler Najjar syndrome, type 2",treatment,1,1,1,1.0,1.0,1,1,1,1.0,1,1,1,1.0,1,1,1,1.0,1,10
rag_minilm_k10,minilm,10,eval_0169,What are the symptoms of Gupta Patton syndrome ?,2_GARD_QA::0002699::0002699-1,2_GARD_QA::0002699::0002699-1,2_GARD_QA::0002699::0002699,2_GARD_QA::0002699::0002699,Gupta Patton syndrome,symptoms,1,1,1,1.0,1.0,1,1,1,1.0,1,1,1,1.0,1,1,1,1.0,1,10
rag_minilm_k10,minilm,10,eval_0170,How to diagnose Multiple myeloma ?,2_GARD_QA::0004199::0004199-4,2_GARD_QA::0004199::0004199-4,2_GARD_QA::0004199::0004199,2_GARD_QA::0004199::0004199,Multiple myeloma,exams and tests,1,1,1,1.0,1.0,1,1,1,1.0,1,1,1,1.0,1,1,1,1.0,1,10
rag_minilm_k10,minilm,10,eval_0171,What are the genetic changes related to RAPADILINO syndrome ?,3_GHR_QA::0000858::0000858-3,3_GHR_QA::0000858::0000858-3,3_GHR_QA::0000858::0000858,3_GHR_QA::0000858::0000858,RAPADILINO syndrome,genetic changes,0,1,1,0.5,0.6309297535714575,0,1,1,0.5,1,1,1,1.0,1,1,1,1.0,1,10
rag_minilm_k10,minilm,10,eval_0172,Who is at risk for Childhood Soft Tissue Sarcoma? ?,1_CancerGov_QA::0000003_5::0000003_5-2,1_CancerGov_QA::0000003_5::0000003_5-2,1_CancerGov_QA::0000003_5::0000003_5,1_CancerGov_QA::0000003_5::0000003_5,Childhood Soft Tissue Sarcoma,susceptibility,1,1,1,1.0,1.0,1,1,1,1.0,1,1,1,1.0,1,1,1,1.0,1,10
rag_minilm_k10,minilm,10,eval_0173,What is (are) Angelman syndrome ?,3_GHR_QA::0000058::0000058-1,2_GARD_QA::0000347::0000347-1|3_GHR_QA::0000058::0000058-1|6_NINDS_QA::0000021::0000021-1,3_GHR_QA::0000058::0000058,2_GARD_QA::0000347::0000347|3_GHR_QA::0000058::0000058|6_NINDS_QA::0000021::0000021,Angelman syndrome,information,1,1,1,1.0,1.0,0,1,1,0.5,1,1,1,1.0,1,1,1,1.0,3,10
rag_minilm_k10,minilm,10,eval_0174,"What are the treatments for Epidermolysis bullosa simplex, generalized ?",2_GARD_QA::0002126::0002126-3,2_GARD_QA::0002126::0002126-3,2_GARD_QA::0002126::0002126,2_GARD_QA::0002126::0002126,"Epidermolysis bullosa simplex, generalized",treatment,1,1,1,1.0,1.0,1,1,1,1.0,1,1,1,1.0,1,1,1,1.0,1,10
rag_minilm_k10,minilm,10,eval_0175,What are the symptoms of Hypertrichosis lanuginosa congenita ?,2_GARD_QA::0003027::0003027-2,2_GARD_QA::0003027::0003027-2,2_GARD_QA::0003027::0003027,2_GARD_QA::0003027::0003027,Hypertrichosis lanuginosa congenita,symptoms,0,1,1,0.5,0.6309297535714575,0,1,1,0.5,0,1,1,0.5,0,1,1,0.5,1,10
rag_minilm_k10,minilm,10,eval_0176,Is cyclic neutropenia inherited ?,3_GHR_QA::0000260::0000260-4,3_GHR_QA::0000260::0000260-4,3_GHR_QA::0000260::0000260,3_GHR_QA::0000260::0000260,cyclic neutropenia,inheritance,1,1,1,1.0,1.0,1,1,1,1.0,1,1,1,1.0,1,1,1,1.0,1,10
rag_minilm_k10,minilm,10,eval_0177,What are the symptoms of Retinal cone dystrophy 4 ?,2_GARD_QA::0005326::0005326-1,2_GARD_QA::0005326::0005326-1,2_GARD_QA::0005326::0005326,2_GARD_QA::0005326::0005326,Retinal cone dystrophy 4,symptoms,0,0,1,0.25,0.43067655807339306,0,0,1,0.25,0,0,1,0.25,0,0,1,0.25,1,10
rag_minilm_k10,minilm,10,eval_0178,What are the genetic changes related to osteogenesis imperfecta ?,3_GHR_QA::0000757::0000757-3,3_GHR_QA::0000757::0000757-3,3_GHR_QA::0000757::0000757,3_GHR_QA::0000757::0000757,osteogenesis imperfecta,genetic changes,1,1,1,1.0,1.0,1,1,1,1.0,1,1,1,1.0,1,1,1,1.0,1,10
rag_minilm_k10,minilm,10,eval_0179,How to diagnose Neonatal progeroid syndrome ?,2_GARD_QA::0004337::0004337-5,2_GARD_QA::0004337::0004337-5,2_GARD_QA::0004337::0004337,2_GARD_QA::0004337::0004337,Neonatal progeroid syndrome,exams and tests,1,1,1,1.0,1.0,1,1,1,1.0,1,1,1,1.0,1,1,1,1.0,1,10
rag_minilm_k10,minilm,10,eval_0180,Where to find support for people with Alcohol Use and Older Adults ?,7_SeniorHealth_QA::0000002::0000002-29,7_SeniorHealth_QA::0000002::0000002-29,7_SeniorHealth_QA::0000002::0000002,7_SeniorHealth_QA::0000002::0000002,Alcohol Use and Older Adults,support groups,1,1,1,1.0,1.0,1,1,1,1.0,1,1,1,1.0,1,1,1,1.0,1,10
rag_minilm_k10,minilm,10,eval_0181,What is (are) Ollier disease ?,2_GARD_QA::0004532::0004532-1,2_GARD_QA::0004532::0004532-1|3_GHR_QA::0000750::0000750-1,2_GARD_QA::0004532::0004532,2_GARD_QA::0004532::0004532|3_GHR_QA::0000750::0000750,Ollier disease,information,1,1,1,1.0,1.0,1,1,1,1.0,1,1,1,1.0,1,1,1,1.0,2,10
rag_minilm_k10,minilm,10,eval_0182,What is (are) allergic asthma ?,3_GHR_QA::0000037::0000037-1,3_GHR_QA::0000037::0000037-1,3_GHR_QA::0000037::0000037,3_GHR_QA::0000037::0000037,allergic asthma,information,1,1,1,1.0,1.0,1,1,1,1.0,1,1,1,1.0,1,1,1,1.0,1,10
rag_minilm_k10,minilm,10,eval_0183,What are the treatments for Sjgren's Syndrome ?,6_NINDS_QA::0000253::0000253-2,6_NINDS_QA::0000253::0000253-2,6_NINDS_QA::0000253::0000253,6_NINDS_QA::0000253::0000253,Sjgren's Syndrome,treatment,1,1,1,1.0,1.0,1,1,1,1.0,1,1,1,1.0,1,1,1,1.0,1,10
rag_minilm_k10,minilm,10,eval_0184,What is (are) Miyoshi myopathy ?,3_GHR_QA::0000666::0000666-1,3_GHR_QA::0000666::0000666-1,3_GHR_QA::0000666::0000666,3_GHR_QA::0000666::0000666,Miyoshi myopathy,information,1,1,1,1.0,1.0,1,1,1,1.0,1,1,1,1.0,1,1,1,1.0,1,10
rag_minilm_k10,minilm,10,eval_0185,How to diagnose Mntriers Disease ?,5_NIDDK_QA::0000115::0000115-5,5_NIDDK_QA::0000115::0000115-5,5_NIDDK_QA::0000115::0000115,5_NIDDK_QA::0000115::0000115,Mntriers Disease,exams and tests,1,1,1,1.0,1.0,1,1,1,1.0,1,1,1,1.0,1,1,1,1.0,1,10
rag_minilm_k10,minilm,10,eval_0186,What are the genetic changes related to MYH9-related disorder ?,3_GHR_QA::0000700::0000700-3,3_GHR_QA::0000700::0000700-3,3_GHR_QA::0000700::0000700,3_GHR_QA::0000700::0000700,MYH9-related disorder,genetic changes,0,1,1,0.5,0.6309297535714575,0,1,1,0.5,1,1,1,1.0,1,1,1,1.0,1,10
rag_minilm_k10,minilm,10,eval_0187,Is Hypokalemic periodic paralysis inherited ?,2_GARD_QA::0003059::0003059-4,2_GARD_QA::0003059::0003059-4|3_GHR_QA::0000505::0000505-4,2_GARD_QA::0003059::0003059,2_GARD_QA::0003059::0003059|3_GHR_QA::0000505::0000505,Hypokalemic periodic paralysis,inheritance,1,1,1,1.0,1.0,1,1,1,1.0,1,1,1,1.0,1,1,1,1.0,2,10
rag_minilm_k10,minilm,10,eval_0188,What are the symptoms of Peyronie disease ?,2_GARD_QA::0004834::0004834-2,2_GARD_QA::0004834::0004834-2,2_GARD_QA::0004834::0004834,2_GARD_QA::0004834::0004834,Peyronie disease,symptoms,0,1,1,0.5,0.6309297535714575,0,1,1,0.5,0,1,1,0.5,0,1,1,0.5,1,10
rag_minilm_k10,minilm,10,eval_0189,What is (are) Asthma ?,2_GARD_QA::0000491::0000491-1,2_GARD_QA::0000491::0000491-1|4_MPlus_Health_Topics_QA::0000065::0000065-1|8_NHLBI_QA_XML::0000010::0000010-1,2_GARD_QA::0000491::0000491,2_GARD_QA::0000491::0000491|4_MPlus_Health_Topics_QA::0000065::0000065|8_NHLBI_QA_XML::0000010::0000010,Asthma,information,1,1,1,1.0,0.8710785440003369,1,1,1,1.0,1,1,1,1.0,1,1,1,1.0,3,10
rag_minilm_k10,minilm,10,eval_0190,What are the treatments for Iniencephaly ?,6_NINDS_QA::0000164::0000164-2,6_NINDS_QA::0000164::0000164-2,6_NINDS_QA::0000164::0000164,6_NINDS_QA::0000164::0000164,Iniencephaly,treatment,1,1,1,1.0,1.0,1,1,1,1.0,1,1,1,1.0,1,1,1,1.0,1,10
rag_minilm_k10,minilm,10,eval_0191,What are the treatments for Cerebral Hypoxia ?,6_NINDS_QA::0000023::0000023-2,6_NINDS_QA::0000023::0000023-2,6_NINDS_QA::0000023::0000023,6_NINDS_QA::0000023::0000023,Cerebral Hypoxia,treatment,1,1,1,1.0,1.0,1,1,1,1.0,1,1,1,1.0,1,1,1,1.0,1,10
rag_minilm_k10,minilm,10,eval_0192,What are the treatments for Trichotillomania ?,2_GARD_QA::0006192::0006192-3,2_GARD_QA::0006192::0006192-3,2_GARD_QA::0006192::0006192,2_GARD_QA::0006192::0006192,Trichotillomania,treatment,1,1,1,1.0,1.0,1,1,1,1.0,1,1,1,1.0,1,1,1,1.0,1,10
rag_minilm_k10,minilm,10,eval_0193,Is hypokalemic periodic paralysis inherited ?,3_GHR_QA::0000505::0000505-4,2_GARD_QA::0003059::0003059-4|3_GHR_QA::0000505::0000505-4,3_GHR_QA::0000505::0000505,2_GARD_QA::0003059::0003059|3_GHR_QA::0000505::0000505,hypokalemic periodic paralysis,inheritance,1,1,1,1.0,1.0,0,1,1,0.5,1,1,1,1.0,1,1,1,1.0,2,10
rag_minilm_k10,minilm,10,eval_0194,What are the treatments for Cardiomyopathy ?,8_NHLBI_QA_XML::0000029::0000029-8,8_NHLBI_QA_XML::0000029::0000029-8,8_NHLBI_QA_XML::0000029::0000029,8_NHLBI_QA_XML::0000029::0000029,Cardiomyopathy,treatment,1,1,1,1.0,1.0,1,1,1,1.0,1,1,1,1.0,1,1,1,1.0,1,10
rag_minilm_k10,minilm,10,eval_0195,Is RAPADILINO syndrome inherited ?,3_GHR_QA::0000858::0000858-4,3_GHR_QA::0000858::0000858-4,3_GHR_QA::0000858::0000858,3_GHR_QA::0000858::0000858,RAPADILINO syndrome,inheritance,1,1,1,1.0,1.0,1,1,1,1.0,1,1,1,1.0,1,1,1,1.0,1,10
rag_minilm_k10,minilm,10,eval_0196,What is (are) Kidney Stones in Adults ?,5_NIDDK_QA::0000203::0000203-2,5_NIDDK_QA::0000203::0000203-1|5_NIDDK_QA::0000203::0000203-2|5_NIDDK_QA::0000203::0000203-5,5_NIDDK_QA::0000203::0000203,5_NIDDK_QA::0000203::0000203,Kidney Stones in Adults,information,1,1,1,1.0,0.9469024295259745,0,1,1,0.5,1,1,1,1.0,1,1,1,1.0,3,10
rag_minilm_k10,minilm,10,eval_0197,What to do for Biliary Atresia ?,5_NIDDK_QA::0000183::0000183-10,5_NIDDK_QA::0000183::0000183-10|5_NIDDK_QA::0000183::0000183-9,5_NIDDK_QA::0000183::0000183,5_NIDDK_QA::0000183::0000183,Biliary Atresia,considerations,1,1,1,1.0,0.9197207891481876,1,1,1,1.0,1,1,1,1.0,1,1,1,1.0,2,10
rag_minilm_k10,minilm,10,eval_0198,What are the treatments for Cataract ?,7_SeniorHealth_QA::0000009::0000009-15,7_SeniorHealth_QA::0000009::0000009-15|7_SeniorHealth_QA::0000009::0000009-5,7_SeniorHealth_QA::0000009::0000009,7_SeniorHealth_QA::0000009::0000009,Cataract,treatment,1,1,1,1.0,0.8065735963827293,1,1,1,1.0,1,1,1,1.0,1,1,1,1.0,2,10
rag_minilm_k10,minilm,10,eval_0199,What is (are) Infections and Pregnancy ?,4_MPlus_Health_Topics_QA::0000510::0000510-1,4_MPlus_Health_Topics_QA::0000510::0000510-1,4_MPlus_Health_Topics_QA::0000510::0000510,4_MPlus_Health_Topics_QA::0000510::0000510,Infections and Pregnancy,information,1,1,1,1.0,1.0,1,1,1,1.0,1,1,1,1.0,1,1,1,1.0,1,10
rag_minilm_k10,minilm,10,eval_0200,What are the genetic changes related to autoimmune Addison disease ?,3_GHR_QA::0000087::0000087-3,3_GHR_QA::0000087::0000087-3,3_GHR_QA::0000087::0000087,3_GHR_QA::0000087::0000087,autoimmune Addison disease,genetic changes,1,1,1,1.0,1.0,1,1,1,1.0,1,1,1,1.0,1,1,1,1.0,1,10
rag_bge_small_k10,bge_small,10,eval_0001,How to prevent Diabetic Kidney Disease ?,5_NIDDK_QA::0000033::0000033-9,5_NIDDK_QA::0000033::0000033-9,5_NIDDK_QA::0000033::0000033,5_NIDDK_QA::0000033::0000033,Diabetic Kidney Disease,prevention,1,1,1,1.0,1.0,1,1,1,1.0,1,1,1,1.0,1,1,1,1.0,1,10
rag_bge_small_k10,bge_small,10,eval_0002,What are the complications of Kidney Dysplasia ?,5_NIDDK_QA::0000154::0000154-7,5_NIDDK_QA::0000154::0000154-7,5_NIDDK_QA::0000154::0000154,5_NIDDK_QA::0000154::0000154,Kidney Dysplasia,complications,1,1,1,1.0,1.0,1,1,1,1.0,1,1,1,1.0,1,1,1,1.0,1,10
rag_bge_small_k10,bge_small,10,eval_0003,What is (are) Rheumatoid Arthritis ?,7_SeniorHealth_QA::0000061::0000061-7,3_GHR_QA::0000875::0000875-1|4_MPlus_Health_Topics_QA::0000782::0000782-1|7_SeniorHealth_QA::0000061::0000061-1|7_SeniorHealth_QA::0000061::0000061-15|7_SeniorHealth_QA::0000061::0000061-7,7_SeniorHealth_QA::0000061::0000061,3_GHR_QA::0000875::0000875|4_MPlus_Health_Topics_QA::0000782::0000782|7_SeniorHealth_QA::0000061::0000061,Rheumatoid Arthritis,information,1,1,1,1.0,0.8687949224876582,0,0,1,0.25,1,1,1,1.0,1,1,1,1.0,5,10
rag_bge_small_k10,bge_small,10,eval_0004,Is Familial isolated hyperparathyroidism inherited ?,2_GARD_QA::0002274::0002274-3,2_GARD_QA::0002274::0002274-3|3_GHR_QA::0000357::0000357-4,2_GARD_QA::0002274::0002274,2_GARD_QA::0002274::0002274|3_GHR_QA::0000357::0000357,Familial isolated hyperparathyroidism,inheritance,1,1,1,1.0,1.0,0,1,1,0.5,1,1,1,1.0,1,1,1,1.0,2,10
rag_bge_small_k10,bge_small,10,eval_0005,What are the genetic changes related to giant congenital melanocytic nevus ?,3_GHR_QA::0000406::0000406-3,3_GHR_QA::0000406::0000406-3,3_GHR_QA::0000406::0000406,3_GHR_QA::0000406::0000406,giant congenital melanocytic nevus,genetic changes,1,1,1,1.0,1.0,1,1,1,1.0,1,1,1,1.0,1,1,1,1.0,1,10
rag_bge_small_k10,bge_small,10,eval_0006,Is diastrophic dysplasia inherited ?,3_GHR_QA::0000284::0000284-4,3_GHR_QA::0000284::0000284-4,3_GHR_QA::0000284::0000284,3_GHR_QA::0000284::0000284,diastrophic dysplasia,inheritance,1,1,1,1.0,1.0,1,1,1,1.0,1,1,1,1.0,1,1,1,1.0,1,10
rag_bge_small_k10,bge_small,10,eval_0007,Is glucose phosphate isomerase deficiency inherited ?,3_GHR_QA::0000412::0000412-4,3_GHR_QA::0000412::0000412-4,3_GHR_QA::0000412::0000412,3_GHR_QA::0000412::0000412,glucose phosphate isomerase deficiency,inheritance,1,1,1,1.0,1.0,1,1,1,1.0,1,1,1,1.0,1,1,1,1.0,1,10
rag_bge_small_k10,bge_small,10,eval_0008,What causes Chromosome 4q deletion ?,2_GARD_QA::0001282::0001282-3,2_GARD_QA::0001282::0001282-3,2_GARD_QA::0001282::0001282,2_GARD_QA::0001282::0001282,Chromosome 4q deletion,causes,1,1,1,1.0,1.0,1,1,1,1.0,1,1,1,1.0,1,1,1,1.0,1,10
rag_bge_small_k10,bge_small,10,eval_0009,What is (are) X-linked lymphoproliferative disease ?,3_GHR_QA::0001059::0001059-1,3_GHR_QA::0001059::0001059-1,3_GHR_QA::0001059::0001059,3_GHR_QA::0001059::0001059,X-linked lymphoproliferative disease,information,1,1,1,1.0,1.0,1,1,1,1.0,1,1,1,1.0,1,1,1,1.0,1,10
rag_bge_small_k10,bge_small,10,eval_0010,How to prevent Lung Cancer ?,1_CancerGov_QA::0000032_3::0000032_3-2,1_CancerGov_QA::0000032_3::0000032_3-2,1_CancerGov_QA::0000032_3::0000032_3,1_CancerGov_QA::0000032_3::0000032_3,Lung Cancer,prevention,1,1,1,1.0,1.0,1,1,1,1.0,1,1,1,1.0,1,1,1,1.0,1,10
rag_bge_small_k10,bge_small,10,eval_0011,What is (are) Medicare and Continuing Care ?,7_SeniorHealth_QA::0000045::0000045-8,7_SeniorHealth_QA::0000045::0000045-10|7_SeniorHealth_QA::0000045::0000045-11|7_SeniorHealth_QA::0000045::0000045-12|7_SeniorHealth_QA::0000045::0000045-13|7_SeniorHealth_QA::0000045::0000045-14|7_SeniorHealth_QA::0000045::0000045-16|7_SeniorHealth_QA::0000045::0000045-18|7_SeniorHealth_QA::0000045::0000045-20|7_SeniorHealth_QA::0000045::0000045-22|7_SeniorHealth_QA::0000045::0000045-24|7_SeniorHealth_QA::0000045::0000045-28|7_SeniorHealth_QA::0000045::0000045-7|7_SeniorHealth_QA::0000045::0000045-8|7_SeniorHealth_QA::0000045::0000045-9,7_SeniorHealth_QA::0000045::0000045,7_SeniorHealth_QA::0000045::0000045,Medicare and Continuing Care,information,1,1,1,1.0,1.0,0,1,1,0.3333333333333333,1,1,1,1.0,1,1,1,1.0,14,10
rag_bge_small_k10,bge_small,10,eval_0012,What is (are) COG5-congenital disorder of glycosylation ?,3_GHR_QA::0000197::0000197-1,3_GHR_QA::0000197::0000197-1,3_GHR_QA::0000197::0000197,3_GHR_QA::0000197::0000197,COG5-congenital disorder of glycosylation,information,1,1,1,1.0,1.0,1,1,1,1.0,1,1,1,1.0,1,1,1,1.0,1,10
rag_bge_small_k10,bge_small,10,eval_0013,What are the symptoms of Congenital myasthenic syndrome with episodic apnea ?,2_GARD_QA::0001542::0001542-1,2_GARD_QA::0001542::0001542-1,2_GARD_QA::0001542::0001542,2_GARD_QA::0001542::0001542,Congenital myasthenic syndrome with episodic apnea,symptoms,1,1,1,1.0,1.0,1,1,1,1.0,1,1,1,1.0,1,1,1,1.0,1,10
rag_bge_small_k10,bge_small,10,eval_0014,What are the treatments for Immunodeficiency with hyper IgM type 1 ?,2_GARD_QA::0003162::0003162-4,2_GARD_QA::0003162::0003162-4,2_GARD_QA::0003162::0003162,2_GARD_QA::0003162::0003162,Immunodeficiency with hyper IgM type 1,treatment,1,1,1,1.0,1.0,1,1,1,1.0,1,1,1,1.0,1,1,1,1.0,1,10
rag_bge_small_k10,bge_small,10,eval_0015,How many people are affected by mucopolysaccharidosis type VI ?,3_GHR_QA::0000682::0000682-2,3_GHR_QA::0000682::0000682-2,3_GHR_QA::0000682::0000682,3_GHR_QA::0000682::0000682,mucopolysaccharidosis type VI,frequency,1,1,1,1.0,1.0,1,1,1,1.0,1,1,1,1.0,1,1,1,1.0,1,10
rag_bge_small_k10,bge_small,10,eval_0016,What to do for Perineal Injury in Males ?,5_NIDDK_QA::0000206::0000206-11,5_NIDDK_QA::0000206::0000206-10|5_NIDDK_QA::0000206::0000206-11,5_NIDDK_QA::0000206::0000206,5_NIDDK_QA::0000206::0000206,Perineal Injury in Males,considerations,1,1,1,1.0,0.8065735963827293,1,1,1,1.0,1,1,1,1.0,1,1,1,1.0,2,10
rag_bge_small_k10,bge_small,10,eval_0017,What are the genetic changes related to sialuria ?,3_GHR_QA::0000909::0000909-3,3_GHR_QA::0000909::0000909-3,3_GHR_QA::0000909::0000909,3_GHR_QA::0000909::0000909,sialuria,genetic changes,1,1,1,1.0,1.0,1,1,1,1.0,1,1,1,1.0,1,1,1,1.0,1,10
rag_bge_small_k10,bge_small,10,eval_0018,what research (or clinical trials) is being done for Oropharyngeal Cancer ?,1_CancerGov_QA::0000024_6::0000024_6-8,1_CancerGov_QA::0000024_6::0000024_6-8,1_CancerGov_QA::0000024_6::0000024_6,1_CancerGov_QA::0000024_6::0000024_6,Oropharyngeal Cancer,research,1,1,1,1.0,1.0,1,1,1,1.0,1,1,1,1.0,1,1,1,1.0,1,10
rag_bge_small_k10,bge_small,10,eval_0019,What is (are) Pallister-Killian mosaic syndrome ?,2_GARD_QA::0004688::0004688-1,2_GARD_QA::0004688::0004688-1|3_GHR_QA::0000768::0000768-1,2_GARD_QA::0004688::0004688,2_GARD_QA::0004688::0004688|3_GHR_QA::0000768::0000768,Pallister-Killian mosaic syndrome,information,1,1,1,1.0,0.9197207891481876,0,1,1,0.3333333333333333,1,1,1,1.0,1,1,1,1.0,2,10
rag_bge_small_k10,bge_small,10,eval_0020,What are the treatments for Mucopolysaccharidosis type I ?,2_GARD_QA::0004155::0004155-5,2_GARD_QA::0004155::0004155-5|3_GHR_QA::0000678::0000678-5,2_GARD_QA::0004155::0004155,2_GARD_QA::0004155::0004155|3_GHR_QA::0000678::0000678,Mucopolysaccharidosis type I,treatment,1,1,1,1.0,0.9197207891481876,1,1,1,1.0,1,1,1,1.0,1,1,1,1.0,2,10
rag_bge_small_k10,bge_small,10,eval_0021,what research (or clinical trials) is being done for Prostate Cancer ?,1_CancerGov_QA::0000036_1::0000036_1-7,1_CancerGov_QA::0000036_1::0000036_1-7|1_CancerGov_QA::0000036_2::0000036_2-5|7_SeniorHealth_QA::0000058::0000058-7,1_CancerGov_QA::0000036_1::0000036_1,1_CancerGov_QA::0000036_1::0000036_1|1_CancerGov_QA::0000036_2::0000036_2|7_SeniorHealth_QA::0000058::0000058,Prostate Cancer,research,1,1,1,1.0,1.0,1,1,1,1.0,1,1,1,1.0,1,1,1,1.0,3,10
rag_bge_small_k10,bge_small,10,eval_0022,What are the symptoms of Heart Palpitations ?,8_NHLBI_QA_XML::0000063::0000063-4,8_NHLBI_QA_XML::0000063::0000063-4,8_NHLBI_QA_XML::0000063::0000063,8_NHLBI_QA_XML::0000063::0000063,Heart Palpitations,symptoms,1,1,1,1.0,1.0,1,1,1,1.0,1,1,1,1.0,1,1,1,1.0,1,10
rag_bge_small_k10,bge_small,10,eval_0023,What are the treatments for Aicardi syndrome ?,3_GHR_QA::0000028::0000028-5,3_GHR_QA::0000028::0000028-5|6_NINDS_QA::0000011::0000011-2,3_GHR_QA::0000028::0000028,3_GHR_QA::0000028::0000028|6_NINDS_QA::0000011::0000011,Aicardi syndrome,treatment,1,1,1,1.0,0.9197207891481876,0,1,1,0.3333333333333333,1,1,1,1.0,1,1,1,1.0,2,10
rag_bge_small_k10,bge_small,10,eval_0024,Do you have information about Fires,4_MPlus_Health_Topics_QA::0000365::0000365-1,4_MPlus_Health_Topics_QA::0000365::0000365-1,4_MPlus_Health_Topics_QA::0000365::0000365,4_MPlus_Health_Topics_QA::0000365::0000365,Fires,information,1,1,1,1.0,1.0,1,1,1,1.0,1,1,1,1.0,1,1,1,1.0,1,10
rag_bge_small_k10,bge_small,10,eval_0025,What are the treatments for Juvenile amyotrophic lateral sclerosis ?,2_GARD_QA::0003319::0003319-4,2_GARD_QA::0003319::0003319-4,2_GARD_QA::0003319::0003319,2_GARD_QA::0003319::0003319,Juvenile amyotrophic lateral sclerosis,treatment,1,1,1,1.0,1.0,1,1,1,1.0,1,1,1,1.0,1,1,1,1.0,1,10
rag_bge_small_k10,bge_small,10,eval_0026,What causes Congenital adrenal hyperplasia ?,2_GARD_QA::0001472::0001472-3,2_GARD_QA::0001472::0001472-3,2_GARD_QA::0001472::0001472,2_GARD_QA::0001472::0001472,Congenital adrenal hyperplasia,causes,1,1,1,1.0,1.0,1,1,1,1.0,1,1,1,1.0,1,1,1,1.0,1,10
rag_bge_small_k10,bge_small,10,eval_0027,What to do for Gastroparesis ?,5_NIDDK_QA::0000107::0000107-6,5_NIDDK_QA::0000107::0000107-6|5_NIDDK_QA::0000107::0000107-9,5_NIDDK_QA::0000107::0000107,5_NIDDK_QA::0000107::0000107,Gastroparesis,considerations,1,1,1,1.0,1.0,1,1,1,1.0,1,1,1,1.0,1,1,1,1.0,2,10
rag_bge_small_k10,bge_small,10,eval_0028,Who is at risk for ARDS? ?,8_NHLBI_QA_XML::0000007::0000007-4,8_NHLBI_QA_XML::0000007::0000007-4,8_NHLBI_QA_XML::0000007::0000007,8_NHLBI_QA_XML::0000007::0000007,ARDS,susceptibility,1,1,1,1.0,1.0,1,1,1,1.0,1,1,1,1.0,1,1,1,1.0,1,10
rag_bge_small_k10,bge_small,10,eval_0029,What is (are) deafness-dystonia-optic neuronopathy syndrome ?,3_GHR_QA::0000274::0000274-1,3_GHR_QA::0000274::0000274-1,3_GHR_QA::0000274::0000274,3_GHR_QA::0000274::0000274,deafness-dystonia-optic neuronopathy syndrome,information,1,1,1,1.0,1.0,1,1,1,1.0,1,1,1,1.0,1,1,1,1.0,1,10
rag_bge_small_k10,bge_small,10,eval_0030,What is (are) benign chronic pemphigus ?,3_GHR_QA::0000115::0000115-1,3_GHR_QA::0000115::0000115-1,3_GHR_QA::0000115::0000115,3_GHR_QA::0000115::0000115,benign chronic pemphigus,information,1,1,1,1.0,1.0,1,1,1,1.0,1,1,1,1.0,1,1,1,1.0,1,10
rag_bge_small_k10,bge_small,10,eval_0031,What is (are) Hashimoto's syndrome ?,2_GARD_QA::0002736::0002736-1,2_GARD_QA::0002736::0002736-1,2_GARD_QA::0002736::0002736,2_GARD_QA::0002736::0002736,Hashimoto's syndrome,information,1,1,1,1.0,1.0,1,1,1,1.0,1,1,1,1.0,1,1,1,1.0,1,10
rag_bge_small_k10,bge_small,10,eval_0032,What are the symptoms of Charcot-Marie-Tooth disease type 2D ?,2_GARD_QA::0001102::0001102-1,2_GARD_QA::0001102::0001102-1,2_GARD_QA::0001102::0001102,2_GARD_QA::0001102::0001102,Charcot-Marie-Tooth disease type 2D,symptoms,1,1,1,1.0,1.0,1,1,1,1.0,1,1,1,1.0,1,1,1,1.0,1,10
rag_bge_small_k10,bge_small,10,eval_0033,What are the symptoms of NADH cytochrome B5 reductase deficiency ?,2_GARD_QA::0004302::0004302-1,2_GARD_QA::0004302::0004302-1,2_GARD_QA::0004302::0004302,2_GARD_QA::0004302::0004302,NADH cytochrome B5 reductase deficiency,symptoms,1,1,1,1.0,1.0,1,1,1,1.0,1,1,1,1.0,1,1,1,1.0,1,10
rag_bge_small_k10,bge_small,10,eval_0034,What are the treatments for Dementia ?,6_NINDS_QA::0000098::0000098-2,6_NINDS_QA::0000098::0000098-2,6_NINDS_QA::0000098::0000098,6_NINDS_QA::0000098::0000098,Dementia,treatment,1,1,1,1.0,1.0,1,1,1,1.0,1,1,1,1.0,1,1,1,1.0,1,10
rag_bge_small_k10,bge_small,10,eval_0035,"What are the symptoms of Ichthyosiform erythroderma, corneal involvement, deafness ?",2_GARD_QA::0003105::0003105-1,2_GARD_QA::0003105::0003105-1,2_GARD_QA::0003105::0003105,2_GARD_QA::0003105::0003105,"Ichthyosiform erythroderma, corneal involvement, deafness",symptoms,1,1,1,1.0,1.0,1,1,1,1.0,1,1,1,1.0,1,1,1,1.0,1,10
rag_bge_small_k10,bge_small,10,eval_0036,What are the treatments for Frontal fibrosing alopecia ?,2_GARD_QA::0002442::0002442-6,2_GARD_QA::0002442::0002442-6,2_GARD_QA::0002442::0002442,2_GARD_QA::0002442::0002442,Frontal fibrosing alopecia,treatment,1,1,1,1.0,1.0,1,1,1,1.0,1,1,1,1.0,1,1,1,1.0,1,10
rag_bge_small_k10,bge_small,10,eval_0037,Do you have information about Calcium,4_MPlus_Health_Topics_QA::0000139::0000139-1,4_MPlus_Health_Topics_QA::0000139::0000139-1,4_MPlus_Health_Topics_QA::0000139::0000139,4_MPlus_Health_Topics_QA::0000139::0000139,Calcium,information,1,1,1,1.0,1.0,1,1,1,1.0,1,1,1,1.0,1,1,1,1.0,1,10
rag_bge_small_k10,bge_small,10,eval_0038,Do you have information about Smokeless Tobacco,4_MPlus_Health_Topics_QA::0000827::0000827-1,4_MPlus_Health_Topics_QA::0000827::0000827-1,4_MPlus_Health_Topics_QA::0000827::0000827,4_MPlus_Health_Topics_QA::0000827::0000827,Smokeless Tobacco,information,1,1,1,1.0,1.0,1,1,1,1.0,1,1,1,1.0,1,1,1,1.0,1,10
rag_bge_small_k10,bge_small,10,eval_0039,What is the outlook for Tropical Spastic Paraparesis ?,6_NINDS_QA::0000151::0000151-3,6_NINDS_QA::0000151::0000151-3,6_NINDS_QA::0000151::0000151,6_NINDS_QA::0000151::0000151,Tropical Spastic Paraparesis,outlook,1,1,1,1.0,1.0,1,1,1,1.0,1,1,1,1.0,1,1,1,1.0,1,10
rag_bge_small_k10,bge_small,10,eval_0040,What is (are) Parasites - Angiostrongyliasis (also known as Angiostrongylus Infection) ?,9_CDC_QA::0000015::0000015-2,9_CDC_QA::0000015::0000015-2,9_CDC_QA::0000015::0000015,9_CDC_QA::0000015::0000015,Parasites - Angiostrongyliasis (also known as Angiostrongylus Infection),information,1,1,1,1.0,1.0,1,1,1,1.0,1,1,1,1.0,1,1,1,1.0,1,10
rag_bge_small_k10,bge_small,10,eval_0041,What are the treatments for cystic fibrosis ?,3_GHR_QA::0000262::0000262-5,3_GHR_QA::0000262::0000262-5|8_NHLBI_QA_XML::0000049::0000049-7,3_GHR_QA::0000262::0000262,3_GHR_QA::0000262::0000262|8_NHLBI_QA_XML::0000049::0000049,cystic fibrosis,treatment,1,1,1,1.0,1.0,0,1,1,0.5,1,1,1,1.0,1,1,1,1.0,2,10
rag_bge_small_k10,bge_small,10,eval_0042,What are the treatments for Leukoplakia ?,2_GARD_QA::0003580::0003580-3,2_GARD_QA::0003580::0003580-3,2_GARD_QA::0003580::0003580,2_GARD_QA::0003580::0003580,Leukoplakia,treatment,1,1,1,1.0,1.0,1,1,1,1.0,1,1,1,1.0,1,1,1,1.0,1,10
rag_bge_small_k10,bge_small,10,eval_0043,What causes Best vitelliform macular dystrophy ?,2_GARD_QA::0000700::0000700-3,2_GARD_QA::0000700::0000700-3,2_GARD_QA::0000700::0000700,2_GARD_QA::0000700::0000700,Best vitelliform macular dystrophy,causes,1,1,1,1.0,1.0,1,1,1,1.0,1,1,1,1.0,1,1,1,1.0,1,10
rag_bge_small_k10,bge_small,10,eval_0044,What are the symptoms of Biotin-thiamine-responsive basal ganglia disease ?,2_GARD_QA::0000736::0000736-2,2_GARD_QA::0000736::0000736-2,2_GARD_QA::0000736::0000736,2_GARD_QA::0000736::0000736,Biotin-thiamine-responsive basal ganglia disease,symptoms,1,1,1,1.0,1.0,1,1,1,1.0,1,1,1,1.0,1,1,1,1.0,1,10
rag_bge_small_k10,bge_small,10,eval_0045,How many people are affected by X-linked thrombocytopenia ?,3_GHR_QA::0001065::0001065-2,3_GHR_QA::0001065::0001065-2,3_GHR_QA::0001065::0001065,3_GHR_QA::0001065::0001065,X-linked thrombocytopenia,frequency,1,1,1,1.0,1.0,1,1,1,1.0,1,1,1,1.0,1,1,1,1.0,1,10
rag_bge_small_k10,bge_small,10,eval_0046,What is the outlook for Diabetic Neuropathy ?,6_NINDS_QA::0000106::0000106-3,6_NINDS_QA::0000106::0000106-3,6_NINDS_QA::0000106::0000106,6_NINDS_QA::0000106::0000106,Diabetic Neuropathy,outlook,1,1,1,1.0,1.0,1,1,1,1.0,1,1,1,1.0,1,1,1,1.0,1,10
rag_bge_small_k10,bge_small,10,eval_0047,What are the genetic changes related to multiple sulfatase deficiency ?,3_GHR_QA::0000695::0000695-3,3_GHR_QA::0000695::0000695-3,3_GHR_QA::0000695::0000695,3_GHR_QA::0000695::0000695,multiple sulfatase deficiency,genetic changes,1,1,1,1.0,1.0,1,1,1,1.0,1,1,1,1.0,1,1,1,1.0,1,10
rag_bge_small_k10,bge_small,10,eval_0048,What are the symptoms of Erythroderma lethal congenital ?,2_GARD_QA::0002160::0002160-1,2_GARD_QA::0002160::0002160-1,2_GARD_QA::0002160::0002160,2_GARD_QA::0002160::0002160,Erythroderma lethal congenital,symptoms,1,1,1,1.0,1.0,1,1,1,1.0,1,1,1,1.0,1,1,1,1.0,1,10
rag_bge_small_k10,bge_small,10,eval_0049,What is the outlook for Lesch-Nyhan Syndrome ?,6_NINDS_QA::0000180::0000180-3,6_NINDS_QA::0000180::0000180-3,6_NINDS_QA::0000180::0000180,6_NINDS_QA::0000180::0000180,Lesch-Nyhan Syndrome,outlook,1,1,1,1.0,1.0,1,1,1,1.0,1,1,1,1.0,1,1,1,1.0,1,10
rag_bge_small_k10,bge_small,10,eval_0050,Is multiple system atrophy inherited ?,3_GHR_QA::0000696::0000696-4,3_GHR_QA::0000696::0000696-4,3_GHR_QA::0000696::0000696,3_GHR_QA::0000696::0000696,multiple system atrophy,inheritance,1,1,1,1.0,1.0,1,1,1,1.0,1,1,1,1.0,1,1,1,1.0,1,10
rag_bge_small_k10,bge_small,10,eval_0051,What are the symptoms of Aneurysm ?,8_NHLBI_QA_XML::0000003::0000003-6,8_NHLBI_QA_XML::0000003::0000003-6,8_NHLBI_QA_XML::0000003::0000003,8_NHLBI_QA_XML::0000003::0000003,Aneurysm,symptoms,1,1,1,1.0,1.0,1,1,1,1.0,1,1,1,1.0,1,1,1,1.0,1,10
rag_bge_small_k10,bge_small,10,eval_0052,What are the symptoms of Fetal akinesia syndrome X-linked ?,2_GARD_QA::0002334::0002334-1,2_GARD_QA::0002334::0002334-1,2_GARD_QA::0002334::0002334,2_GARD_QA::0002334::0002334,Fetal akinesia syndrome X-linked,symptoms,1,1,1,1.0,1.0,1,1,1,1.0,1,1,1,1.0,1,1,1,1.0,1,10
rag_bge_small_k10,bge_small,10,eval_0053,What are the treatments for Tay-Sachs disease ?,2_GARD_QA::0006017::0006017-5,2_GARD_QA::0006017::0006017-5|3_GHR_QA::0000972::0000972-5|6_NINDS_QA::0000265::0000265-2,2_GARD_QA::0006017::0006017,2_GARD_QA::0006017::0006017|3_GHR_QA::0000972::0000972|6_NINDS_QA::0000265::0000265,Tay-Sachs disease,treatment,1,1,1,1.0,1.0,0,1,1,0.5,1,1,1,1.0,1,1,1,1.0,3,10
rag_bge_small_k10,bge_small,10,eval_0054,What is (are) nephrogenic diabetes insipidus ?,3_GHR_QA::0000719::0000719-1,2_GARD_QA::0004342::0004342-1|3_GHR_QA::0000719::0000719-1,3_GHR_QA::0000719::0000719,2_GARD_QA::0004342::0004342|3_GHR_QA::0000719::0000719,nephrogenic diabetes insipidus,information,1,1,1,1.0,1.0,1,1,1,1.0,1,1,1,1.0,1,1,1,1.0,2,10
rag_bge_small_k10,bge_small,10,eval_0055,What is (are) Thyroid Diseases ?,4_MPlus_Health_Topics_QA::0000892::0000892-1,4_MPlus_Health_Topics_QA::0000892::0000892-1,4_MPlus_Health_Topics_QA::0000892::0000892,4_MPlus_Health_Topics_QA::0000892::0000892,Thyroid Diseases,information,1,1,1,1.0,1.0,1,1,1,1.0,1,1,1,1.0,1,1,1,1.0,1,10
rag_bge_small_k10,bge_small,10,eval_0056,What is (are) Parasites - Cyclosporiasis (Cyclospora Infection) ?,9_CDC_QA::0000120::0000120-1,9_CDC_QA::0000120::0000120-1,9_CDC_QA::0000120::0000120,9_CDC_QA::0000120::0000120,Parasites - Cyclosporiasis (Cyclospora Infection),information,1,1,1,1.0,1.0,1,1,1,1.0,1,1,1,1.0,1,1,1,1.0,1,10
rag_bge_small_k10,bge_small,10,eval_0057,Is leukoencephalopathy with brainstem and spinal cord involvement and lactate elevation inherited ?,3_GHR_QA::0000597::0000597-4,3_GHR_QA::0000597::0000597-4,3_GHR_QA::0000597::0000597,3_GHR_QA::0000597::0000597,leukoencephalopathy with brainstem and spinal cord involvement and lactate elevation,inheritance,1,1,1,1.0,1.0,1,1,1,1.0,1,1,1,1.0,1,1,1,1.0,1,10
rag_bge_small_k10,bge_small,10,eval_0058,What is (are) Congenital pulmonary alveolar proteinosis ?,2_GARD_QA::0001551::0001551-1,2_GARD_QA::0001551::0001551-1,2_GARD_QA::0001551::0001551,2_GARD_QA::0001551::0001551,Congenital pulmonary alveolar proteinosis,information,1,1,1,1.0,1.0,1,1,1,1.0,1,1,1,1.0,1,1,1,1.0,1,10
rag_bge_small_k10,bge_small,10,eval_0059,What is (are) Smoking ?,4_MPlus_Health_Topics_QA::0000828::0000828-1,4_MPlus_Health_Topics_QA::0000828::0000828-1,4_MPlus_Health_Topics_QA::0000828::0000828,4_MPlus_Health_Topics_QA::0000828::0000828,Smoking,information,1,1,1,1.0,1.0,1,1,1,1.0,1,1,1,1.0,1,1,1,1.0,1,10
rag_bge_small_k10,bge_small,10,eval_0060,How to diagnose Parathyroid Cancer ?,1_CancerGov_QA::0000033_1::0000033_1-4,1_CancerGov_QA::0000033_1::0000033_1-4,1_CancerGov_QA::0000033_1::0000033_1,1_CancerGov_QA::0000033_1::0000033_1,Parathyroid Cancer,exams and tests,1,1,1,1.0,1.0,1,1,1,1.0,1,1,1,1.0,1,1,1,1.0,1,10
rag_bge_small_k10,bge_small,10,eval_0061,How to prevent Heart Palpitations ?,8_NHLBI_QA_XML::0000063::0000063-7,8_NHLBI_QA_XML::0000063::0000063-7,8_NHLBI_QA_XML::0000063::0000063,8_NHLBI_QA_XML::0000063::0000063,Heart Palpitations,prevention,1,1,1,1.0,1.0,1,1,1,1.0,1,1,1,1.0,1,1,1,1.0,1,10
rag_bge_small_k10,bge_small,10,eval_0062,What is (are) Dravet Syndrome ?,6_NINDS_QA::0000108::0000108-1,2_GARD_QA::0001924::0001924-1|6_NINDS_QA::0000108::0000108-1,6_NINDS_QA::0000108::0000108,2_GARD_QA::0001924::0001924|6_NINDS_QA::0000108::0000108,Dravet Syndrome,information,1,1,1,1.0,1.0,0,1,1,0.5,1,1,1,1.0,1,1,1,1.0,2,10
rag_bge_small_k10,bge_small,10,eval_0063,What is (are) Hereditary sensory and autonomic neuropathy type V ?,2_GARD_QA::0002852::0002852-1,2_GARD_QA::0002852::0002852-1|3_GHR_QA::0000474::0000474-1,2_GARD_QA::0002852::0002852,2_GARD_QA::0002852::0002852|3_GHR_QA::0000474::0000474,Hereditary sensory and autonomic neuropathy type V,information,0,1,1,0.5,0.6934264036172708,0,1,1,0.5,1,1,1,1.0,1,1,1,1.0,2,10
rag_bge_small_k10,bge_small,10,eval_0064,What causes Angina ?,8_NHLBI_QA_XML::0000004::0000004-3,8_NHLBI_QA_XML::0000004::0000004-3,8_NHLBI_QA_XML::0000004::0000004,8_NHLBI_QA_XML::0000004::0000004,Angina,causes,1,1,1,1.0,1.0,1,1,1,1.0,1,1,1,1.0,1,1,1,1.0,1,10
rag_bge_small_k10,bge_small,10,eval_0065,What are the treatments for GM3 synthase deficiency ?,3_GHR_QA::0000431::0000431-5,3_GHR_QA::0000431::0000431-5,3_GHR_QA::0000431::0000431,3_GHR_QA::0000431::0000431,GM3 synthase deficiency,treatment,1,1,1,1.0,1.0,1,1,1,1.0,1,1,1,1.0,1,1,1,1.0,1,10
rag_bge_small_k10,bge_small,10,eval_0066,What is (are) 15q11.2 microdeletion ?,2_GARD_QA::0006554::0006554-1,2_GARD_QA::0006554::0006554-1,2_GARD_QA::0006554::0006554,2_GARD_QA::0006554::0006554,15q11.2 microdeletion,information,1,1,1,1.0,1.0,1,1,1,1.0,1,1,1,1.0,1,1,1,1.0,1,10
rag_bge_small_k10,bge_small,10,eval_0067,What is (are) Spondyloepiphyseal dysplasia congenita ?,2_GARD_QA::0005840::0005840-1,2_GARD_QA::0005840::0005840-1|3_GHR_QA::0000947::0000947-1,2_GARD_QA::0005840::0005840,2_GARD_QA::0005840::0005840|3_GHR_QA::0000947::0000947,Spondyloepiphyseal dysplasia congenita,information,1,1,1,1.0,1.0,1,1,1,1.0,1,1,1,1.0,1,1,1,1.0,2,10
rag_bge_small_k10,bge_small,10,eval_0068,What are the treatments for Hearing Loss ?,7_SeniorHealth_QA::0000032::0000032-4,7_SeniorHealth_QA::0000032::0000032-22|7_SeniorHealth_QA::0000032::0000032-4,7_SeniorHealth_QA::0000032::0000032,7_SeniorHealth_QA::0000032::0000032,Hearing Loss,treatment,1,1,1,1.0,1.0,1,1,1,1.0,1,1,1,1.0,1,1,1,1.0,2,10
rag_bge_small_k10,bge_small,10,eval_0069,What is (are) Abdominal Adhesions ?,5_NIDDK_QA::0000083::0000083-2,5_NIDDK_QA::0000083::0000083-1|5_NIDDK_QA::0000083::0000083-2,5_NIDDK_QA::0000083::0000083,5_NIDDK_QA::0000083::0000083,Abdominal Adhesions,information,0,1,1,0.5,0.6509209298071326,0,0,1,0.25,0,1,1,0.5,0,1,1,0.5,2,10
rag_bge_small_k10,bge_small,10,eval_0070,What are the genetic changes related to anencephaly ?,3_GHR_QA::0000057::0000057-3,3_GHR_QA::0000057::0000057-3,3_GHR_QA::0000057::0000057,3_GHR_QA::0000057::0000057,anencephaly,genetic changes,1,1,1,1.0,1.0,1,1,1,1.0,1,1,1,1.0,1,1,1,1.0,1,10
rag_bge_small_k10,bge_small,10,eval_0071,How to diagnose Loin pain hematuria syndrome ?,2_GARD_QA::0003662::0003662-4,2_GARD_QA::0003662::0003662-4,2_GARD_QA::0003662::0003662,2_GARD_QA::0003662::0003662,Loin pain hematuria syndrome,exams and tests,1,1,1,1.0,1.0,1,1,1,1.0,1,1,1,1.0,1,1,1,1.0,1,10
rag_bge_small_k10,bge_small,10,eval_0072,How many people are affected by early-onset primary dystonia ?,3_GHR_QA::0000312::0000312-2,3_GHR_QA::0000312::0000312-2,3_GHR_QA::0000312::0000312,3_GHR_QA::0000312::0000312,early-onset primary dystonia,frequency,1,1,1,1.0,1.0,1,1,1,1.0,1,1,1,1.0,1,1,1,1.0,1,10
rag_bge_small_k10,bge_small,10,eval_0073,Is Gordon syndrome inherited ?,2_GARD_QA::0002652::0002652-3,2_GARD_QA::0002652::0002652-3,2_GARD_QA::0002652::0002652,2_GARD_QA::0002652::0002652,Gordon syndrome,inheritance,1,1,1,1.0,1.0,1,1,1,1.0,1,1,1,1.0,1,1,1,1.0,1,10
rag_bge_small_k10,bge_small,10,eval_0074,What are the stages of Childhood Acute Myeloid Leukemia and Other Myeloid Malignancies ?,1_CancerGov_QA::0000001_7::0000001_7-6,1_CancerGov_QA::0000001_7::0000001_7-6,1_CancerGov_QA::0000001_7::0000001_7,1_CancerGov_QA::0000001_7::0000001_7,Childhood Acute Myeloid Leukemia and Other Myeloid Malignancies,stages,1,1,1,1.0,1.0,1,1,1,1.0,1,1,1,1.0,1,1,1,1.0,1,10
rag_bge_small_k10,bge_small,10,eval_0075,What are the genetic changes related to nonsyndromic aplasia cutis congenita ?,3_GHR_QA::0000734::0000734-3,3_GHR_QA::0000734::0000734-3,3_GHR_QA::0000734::0000734,3_GHR_QA::0000734::0000734,nonsyndromic aplasia cutis congenita,genetic changes,1,1,1,1.0,1.0,1,1,1,1.0,1,1,1,1.0,1,1,1,1.0,1,10
rag_bge_small_k10,bge_small,10,eval_0076,How many people are affected by lattice corneal dystrophy type I ?,3_GHR_QA::0000585::0000585-2,3_GHR_QA::0000585::0000585-2,3_GHR_QA::0000585::0000585,3_GHR_QA::0000585::0000585,lattice corneal dystrophy type I,frequency,1,1,1,1.0,1.0,1,1,1,1.0,1,1,1,1.0,1,1,1,1.0,1,10
rag_bge_small_k10,bge_small,10,eval_0077,What are the symptoms of Familial prostate cancer ?,2_GARD_QA::0002295::0002295-2,2_GARD_QA::0002295::0002295-2,2_GARD_QA::0002295::0002295,2_GARD_QA::0002295::0002295,Familial prostate cancer,symptoms,1,1,1,1.0,1.0,1,1,1,1.0,1,1,1,1.0,1,1,1,1.0,1,10
rag_bge_small_k10,bge_small,10,eval_0078,What is (are) Lennox-Gastaut Syndrome ?,6_NINDS_QA::0000179::0000179-1,2_GARD_QA::0003541::0003541-1|3_GHR_QA::0000592::0000592-1|6_NINDS_QA::0000179::0000179-1,6_NINDS_QA::0000179::0000179,2_GARD_QA::0003541::0003541|3_GHR_QA::0000592::0000592|6_NINDS_QA::0000179::0000179,Lennox-Gastaut Syndrome,information,1,1,1,1.0,1.0,0,1,1,0.5,1,1,1,1.0,1,1,1,1.0,3,10
rag_bge_small_k10,bge_small,10,eval_0079,What is (are) Pervasive Developmental Disorders ?,6_NINDS_QA::0000231::0000231-1,6_NINDS_QA::0000231::0000231-1,6_NINDS_QA::0000231::0000231,6_NINDS_QA::0000231::0000231,Pervasive Developmental Disorders,information,1,1,1,1.0,1.0,1,1,1,1.0,1,1,1,1.0,1,1,1,1.0,1,10
rag_bge_small_k10,bge_small,10,eval_0080,What is (are) Depression ?,4_MPlus_Health_Topics_QA::0000264::0000264-1,4_MPlus_Health_Topics_QA::0000264::0000264-1|7_SeniorHealth_QA::0000014::0000014-1|7_SeniorHealth_QA::0000014::0000014-10|7_SeniorHealth_QA::0000014::0000014-12,4_MPlus_Health_Topics_QA::0000264::0000264,4_MPlus_Health_Topics_QA::0000264::0000264|7_SeniorHealth_QA::0000014::0000014,Depression,information,1,1,1,1.0,0.9828920819566879,0,1,1,0.5,1,1,1,1.0,1,1,1,1.0,4,10
rag_bge_small_k10,bge_small,10,eval_0081,What is (are) Klebsiella infection ?,2_GARD_QA::0003396::0003396-1,2_GARD_QA::0003396::0003396-1,2_GARD_QA::0003396::0003396,2_GARD_QA::0003396::0003396,Klebsiella infection,information,1,1,1,1.0,1.0,1,1,1,1.0,1,1,1,1.0,1,1,1,1.0,1,10
rag_bge_small_k10,bge_small,10,eval_0082,How many people are affected by Urinary Tract Infection In Adults ?,5_NIDDK_QA::0000214::0000214-4,5_NIDDK_QA::0000214::0000214-4,5_NIDDK_QA::0000214::0000214,5_NIDDK_QA::0000214::0000214,Urinary Tract Infection In Adults,frequency,1,1,1,1.0,1.0,1,1,1,1.0,1,1,1,1.0,1,1,1,1.0,1,10
rag_bge_small_k10,bge_small,10,eval_0083,What is (are) abetalipoproteinemia ?,3_GHR_QA::0000003::0000003-1,2_GARD_QA::0000011::0000011-1|3_GHR_QA::0000003::0000003-1,3_GHR_QA::0000003::0000003,2_GARD_QA::0000011::0000011|3_GHR_QA::0000003::0000003,abetalipoproteinemia,information,1,1,1,1.0,1.0,1,1,1,1.0,1,1,1,1.0,1,1,1,1.0,2,10
rag_bge_small_k10,bge_small,10,eval_0084,What are the treatments for What I need to know about Diarrhea ?,5_NIDDK_QA::0000127::0000127-7,5_NIDDK_QA::0000127::0000127-7,5_NIDDK_QA::0000127::0000127,5_NIDDK_QA::0000127::0000127,What I need to know about Diarrhea,treatment,1,1,1,1.0,1.0,1,1,1,1.0,1,1,1,1.0,1,1,1,1.0,1,10
rag_bge_small_k10,bge_small,10,eval_0085,What are the symptoms of Autoimmune atrophic gastritis ?,2_GARD_QA::0000530::0000530-2,2_GARD_QA::0000530::0000530-2,2_GARD_QA::0000530::0000530,2_GARD_QA::0000530::0000530,Autoimmune atrophic gastritis,symptoms,1,1,1,1.0,1.0,1,1,1,1.0,1,1,1,1.0,1,1,1,1.0,1,10
rag_bge_small_k10,bge_small,10,eval_0086,What are the symptoms of Athabaskan brainstem dysgenesis ?,2_GARD_QA::0000501::0000501-1,2_GARD_QA::0000501::0000501-1,2_GARD_QA::0000501::0000501,2_GARD_QA::0000501::0000501,Athabaskan brainstem dysgenesis,symptoms,1,1,1,1.0,1.0,1,1,1,1.0,1,1,1,1.0,1,1,1,1.0,1,10
rag_bge_small_k10,bge_small,10,eval_0087,How to diagnose Alzheimer's Disease ?,7_SeniorHealth_QA::0000004::0000004-20,7_SeniorHealth_QA::0000004::0000004-20|7_SeniorHealth_QA::0000004::0000004-21|7_SeniorHealth_QA::0000004::0000004-22,7_SeniorHealth_QA::0000004::0000004,7_SeniorHealth_QA::0000004::0000004,Alzheimer's Disease,exams and tests,1,1,1,1.0,1.0,1,1,1,1.0,1,1,1,1.0,1,1,1,1.0,3,10
rag_bge_small_k10,bge_small,10,eval_0088,Is familial hemiplegic migraine inherited ?,3_GHR_QA::0000351::0000351-4,3_GHR_QA::0000351::0000351-4,3_GHR_QA::0000351::0000351,3_GHR_QA::0000351::0000351,familial hemiplegic migraine,inheritance,1,1,1,1.0,1.0,1,1,1,1.0,1,1,1,1.0,1,1,1,1.0,1,10
rag_bge_small_k10,bge_small,10,eval_0089,What are the symptoms of Cone dystrophy ?,2_GARD_QA::0001459::0001459-2,2_GARD_QA::0001459::0001459-2,2_GARD_QA::0001459::0001459,2_GARD_QA::0001459::0001459,Cone dystrophy,symptoms,1,1,1,1.0,1.0,1,1,1,1.0,1,1,1,1.0,1,1,1,1.0,1,10
rag_bge_small_k10,bge_small,10,eval_0090,What are the treatments for Gorlin syndrome ?,3_GHR_QA::0000433::0000433-5,3_GHR_QA::0000433::0000433-5,3_GHR_QA::0000433::0000433,3_GHR_QA::0000433::0000433,Gorlin syndrome,treatment,1,1,1,1.0,1.0,1,1,1,1.0,1,1,1,1.0,1,1,1,1.0,1,10
rag_bge_small_k10,bge_small,10,eval_0091,what research (or clinical trials) is being done for Skin Cancer ?,7_SeniorHealth_QA::0000063::0000063-8,1_CancerGov_QA::0000028_1::0000028_1-7|1_CancerGov_QA::0000028_4::0000028_4-4|7_SeniorHealth_QA::0000063::0000063-30|7_SeniorHealth_QA::0000063::0000063-8,7_SeniorHealth_QA::0000063::0000063,1_CancerGov_QA::0000028_1::0000028_1|1_CancerGov_QA::0000028_4::0000028_4|7_SeniorHealth_QA::0000063::0000063,Skin Cancer,research,1,1,1,1.0,0.9047172294870751,1,1,1,1.0,1,1,1,1.0,1,1,1,1.0,4,10
rag_bge_small_k10,bge_small,10,eval_0092,what research (or clinical trials) is being done for Iniencephaly ?,6_NINDS_QA::0000164::0000164-4,6_NINDS_QA::0000164::0000164-4,6_NINDS_QA::0000164::0000164,6_NINDS_QA::0000164::0000164,Iniencephaly,research,1,1,1,1.0,1.0,1,1,1,1.0,1,1,1,1.0,1,1,1,1.0,1,10
rag_bge_small_k10,bge_small,10,eval_0093,What is (are) Bedbugs ?,4_MPlus_Health_Topics_QA::0000083::0000083-1,4_MPlus_Health_Topics_QA::0000083::0000083-1,4_MPlus_Health_Topics_QA::0000083::0000083,4_MPlus_Health_Topics_QA::0000083::0000083,Bedbugs,information,1,1,1,1.0,1.0,1,1,1,1.0,1,1,1,1.0,1,1,1,1.0,1,10
rag_bge_small_k10,bge_small,10,eval_0094,What are the symptoms of Marfanoid hypermobility syndrome ?,2_GARD_QA::0003802::0003802-1,2_GARD_QA::0003802::0003802-1,2_GARD_QA::0003802::0003802,2_GARD_QA::0003802::0003802,Marfanoid hypermobility syndrome,symptoms,1,1,1,1.0,1.0,1,1,1,1.0,1,1,1,1.0,1,1,1,1.0,1,10
rag_bge_small_k10,bge_small,10,eval_0095,What are the genetic changes related to hereditary sensory neuropathy type IA ?,3_GHR_QA::0000475::0000475-3,3_GHR_QA::0000475::0000475-3,3_GHR_QA::0000475::0000475,3_GHR_QA::0000475::0000475,hereditary sensory neuropathy type IA,genetic changes,1,1,1,1.0,1.0,1,1,1,1.0,1,1,1,1.0,1,1,1,1.0,1,10
rag_bge_small_k10,bge_small,10,eval_0096,What is (are) Heart Failure ?,7_SeniorHealth_QA::0000034::0000034-1,4_MPlus_Health_Topics_QA::0000446::0000446-1|7_SeniorHealth_QA::0000034::0000034-1|7_SeniorHealth_QA::0000034::0000034-11|7_SeniorHealth_QA::0000034::0000034-17|7_SeniorHealth_QA::0000034::0000034-24|8_NHLBI_QA_XML::0000061::0000061-1,7_SeniorHealth_QA::0000034::0000034,4_MPlus_Health_Topics_QA::0000446::0000446|7_SeniorHealth_QA::0000034::0000034|8_NHLBI_QA_XML::0000061::0000061,Heart Failure,information,1,1,1,1.0,0.892210845475489,0,1,1,0.3333333333333333,1,1,1,1.0,1,1,1,1.0,6,10
rag_bge_small_k10,bge_small,10,eval_0097,What is (are) fragile X-associated primary ovarian insufficiency ?,3_GHR_QA::0000382::0000382-1,3_GHR_QA::0000382::0000382-1,3_GHR_QA::0000382::0000382,3_GHR_QA::0000382::0000382,fragile X-associated primary ovarian insufficiency,information,1,1,1,1.0,1.0,1,1,1,1.0,1,1,1,1.0,1,1,1,1.0,1,10
rag_bge_small_k10,bge_small,10,eval_0098,What are the symptoms of Birdshot chorioretinopathy ?,2_GARD_QA::0000738::0000738-2,2_GARD_QA::0000738::0000738-2,2_GARD_QA::0000738::0000738,2_GARD_QA::0000738::0000738,Birdshot chorioretinopathy,symptoms,1,1,1,1.0,1.0,1,1,1,1.0,1,1,1,1.0,1,1,1,1.0,1,10
rag_bge_small_k10,bge_small,10,eval_0099,What are the symptoms of Warm antibody hemolytic anemia ?,2_GARD_QA::0006400::0006400-2,2_GARD_QA::0006400::0006400-2,2_GARD_QA::0006400::0006400,2_GARD_QA::0006400::0006400,Warm antibody hemolytic anemia,symptoms,1,1,1,1.0,1.0,1,1,1,1.0,1,1,1,1.0,1,1,1,1.0,1,10
rag_bge_small_k10,bge_small,10,eval_0100,What is (are) Glutamate formiminotransferase deficiency ?,2_GARD_QA::0002601::0002601-1,2_GARD_QA::0002601::0002601-1|3_GHR_QA::0000416::0000416-1,2_GARD_QA::0002601::0002601,2_GARD_QA::0002601::0002601|3_GHR_QA::0000416::0000416,Glutamate formiminotransferase deficiency,information,1,1,1,1.0,1.0,1,1,1,1.0,1,1,1,1.0,1,1,1,1.0,2,10
rag_bge_small_k10,bge_small,10,eval_0101,What is the outlook for Intraocular (Uveal) Melanoma ?,1_CancerGov_QA::0000017_1::0000017_1-5,1_CancerGov_QA::0000017_1::0000017_1-5,1_CancerGov_QA::0000017_1::0000017_1,1_CancerGov_QA::0000017_1::0000017_1,Intraocular (Uveal) Melanoma,outlook,1,1,1,1.0,1.0,1,1,1,1.0,1,1,1,1.0,1,1,1,1.0,1,10
rag_bge_small_k10,bge_small,10,eval_0102,What is (are) Rett Syndrome ?,6_NINDS_QA::0000247::0000247-1,2_GARD_QA::0005347::0005347-1|3_GHR_QA::0000874::0000874-1|4_MPlus_Health_Topics_QA::0000779::0000779-1|6_NINDS_QA::0000247::0000247-1,6_NINDS_QA::0000247::0000247,2_GARD_QA::0005347::0005347|3_GHR_QA::0000874::0000874|4_MPlus_Health_Topics_QA::0000779::0000779|6_NINDS_QA::0000247::0000247,Rett Syndrome,information,1,1,1,1.0,1.0,0,1,1,0.5,1,1,1,1.0,1,1,1,1.0,4,10
rag_bge_small_k10,bge_small,10,eval_0103,How many people are affected by lactose intolerance ?,3_GHR_QA::0000573::0000573-2,3_GHR_QA::0000573::0000573-2,3_GHR_QA::0000573::0000573,3_GHR_QA::0000573::0000573,lactose intolerance,frequency,1,1,1,1.0,1.0,1,1,1,1.0,1,1,1,1.0,1,1,1,1.0,1,10
rag_bge_small_k10,bge_small,10,eval_0104,What are the symptoms of Oculomaxillofacial dysostosis ?,2_GARD_QA::0004511::0004511-1,2_GARD_QA::0004511::0004511-1,2_GARD_QA::0004511::0004511,2_GARD_QA::0004511::0004511,Oculomaxillofacial dysostosis,symptoms,1,1,1,1.0,1.0,1,1,1,1.0,1,1,1,1.0,1,1,1,1.0,1,10
rag_bge_small_k10,bge_small,10,eval_0105,What are the genetic changes related to familial cold autoinflammatory syndrome ?,3_GHR_QA::0000342::0000342-3,3_GHR_QA::0000342::0000342-3,3_GHR_QA::0000342::0000342,3_GHR_QA::0000342::0000342,familial cold autoinflammatory syndrome,genetic changes,1,1,1,1.0,1.0,1,1,1,1.0,1,1,1,1.0,1,1,1,1.0,1,10
rag_bge_small_k10,bge_small,10,eval_0106,What is (are) GLUT1 deficiency syndrome ?,3_GHR_QA::0000415::0000415-1,3_GHR_QA::0000415::0000415-1,3_GHR_QA::0000415::0000415,3_GHR_QA::0000415::0000415,GLUT1 deficiency syndrome,information,1,1,1,1.0,1.0,1,1,1,1.0,1,1,1,1.0,1,1,1,1.0,1,10
rag_bge_small_k10,bge_small,10,eval_0107,What are the symptoms of Thoraco abdominal enteric duplication ?,2_GARD_QA::0006070::0006070-1,2_GARD_QA::0006070::0006070-1,2_GARD_QA::0006070::0006070,2_GARD_QA::0006070::0006070,Thoraco abdominal enteric duplication,symptoms,1,1,1,1.0,1.0,1,1,1,1.0,1,1,1,1.0,1,1,1,1.0,1,10
rag_bge_small_k10,bge_small,10,eval_0108,What is (are) Legionnaires' Disease ?,4_MPlus_Health_Topics_QA::0000552::0000552-1,4_MPlus_Health_Topics_QA::0000552::0000552-1,4_MPlus_Health_Topics_QA::0000552::0000552,4_MPlus_Health_Topics_QA::0000552::0000552,Legionnaires' Disease,information,1,1,1,1.0,1.0,1,1,1,1.0,1,1,1,1.0,1,1,1,1.0,1,10
rag_bge_small_k10,bge_small,10,eval_0109,what research (or clinical trials) is being done for Diabetic Retinopathy ?,7_SeniorHealth_QA::0000016::0000016-21,7_SeniorHealth_QA::0000016::0000016-21,7_SeniorHealth_QA::0000016::0000016,7_SeniorHealth_QA::0000016::0000016,Diabetic Retinopathy,research,1,1,1,1.0,1.0,1,1,1,1.0,1,1,1,1.0,1,1,1,1.0,1,10
rag_bge_small_k10,bge_small,10,eval_0110,What is (are) Adult Primary Liver Cancer ?,1_CancerGov_QA::0000007_1::0000007_1-1,1_CancerGov_QA::0000007_1::0000007_1-1,1_CancerGov_QA::0000007_1::0000007_1,1_CancerGov_QA::0000007_1::0000007_1,Adult Primary Liver Cancer,information,1,1,1,1.0,1.0,1,1,1,1.0,1,1,1,1.0,1,1,1,1.0,1,10
rag_bge_small_k10,bge_small,10,eval_0111,What is (are) Brain Aneurysm ?,4_MPlus_Health_Topics_QA::0000124::0000124-1,4_MPlus_Health_Topics_QA::0000124::0000124-1,4_MPlus_Health_Topics_QA::0000124::0000124,4_MPlus_Health_Topics_QA::0000124::0000124,Brain Aneurysm,information,1,1,1,1.0,1.0,1,1,1,1.0,1,1,1,1.0,1,1,1,1.0,1,10
rag_bge_small_k10,bge_small,10,eval_0112,What are the treatments for Frontotemporal Dementia ?,6_NINDS_QA::0000100::0000100-2,6_NINDS_QA::0000100::0000100-2,6_NINDS_QA::0000100::0000100,6_NINDS_QA::0000100::0000100,Frontotemporal Dementia,treatment,1,1,1,1.0,1.0,1,1,1,1.0,1,1,1,1.0,1,1,1,1.0,1,10
rag_bge_small_k10,bge_small,10,eval_0113,What is (are) Anencephaly ?,2_GARD_QA::0000341::0000341-1,2_GARD_QA::0000341::0000341-1|3_GHR_QA::0000057::0000057-1|6_NINDS_QA::0000019::0000019-1,2_GARD_QA::0000341::0000341,2_GARD_QA::0000341::0000341|3_GHR_QA::0000057::0000057|6_NINDS_QA::0000019::0000019,Anencephaly,information,1,1,1,1.0,1.0,0,1,1,0.5,1,1,1,1.0,1,1,1,1.0,3,10
rag_bge_small_k10,bge_small,10,eval_0114,What are the symptoms of Joubert syndrome 2 ?,2_GARD_QA::0003309::0003309-1,2_GARD_QA::0003309::0003309-1,2_GARD_QA::0003309::0003309,2_GARD_QA::0003309::0003309,Joubert syndrome 2,symptoms,1,1,1,1.0,1.0,1,1,1,1.0,1,1,1,1.0,1,1,1,1.0,1,10
rag_bge_small_k10,bge_small,10,eval_0115,What is (are) Cerebellar Hypoplasia ?,6_NINDS_QA::0000067::0000067-1,6_NINDS_QA::0000067::0000067-1,6_NINDS_QA::0000067::0000067,6_NINDS_QA::0000067::0000067,Cerebellar Hypoplasia,information,1,1,1,1.0,1.0,1,1,1,1.0,1,1,1,1.0,1,1,1,1.0,1,10
rag_bge_small_k10,bge_small,10,eval_0116,Is Cold agglutinin disease inherited ?,2_GARD_QA::0001415::0001415-4,2_GARD_QA::0001415::0001415-4,2_GARD_QA::0001415::0001415,2_GARD_QA::0001415::0001415,Cold agglutinin disease,inheritance,1,1,1,1.0,1.0,1,1,1,1.0,1,1,1,1.0,1,1,1,1.0,1,10
rag_bge_small_k10,bge_small,10,eval_0117,What is (are) Frontonasal dysplasia ?,2_GARD_QA::0002446::0002446-1,2_GARD_QA::0002446::0002446-1|3_GHR_QA::0000390::0000390-1,2_GARD_QA::0002446::0002446,2_GARD_QA::0002446::0002446|3_GHR_QA::0000390::0000390,Frontonasal dysplasia,information,1,1,1,1.0,1.0,0,1,1,0.5,1,1,1,1.0,1,1,1,1.0,2,10
rag_bge_small_k10,bge_small,10,eval_0118,Is COL4A1-related brain small-vessel disease inherited ?,3_GHR_QA::0000199::0000199-4,3_GHR_QA::0000199::0000199-4,3_GHR_QA::0000199::0000199,3_GHR_QA::0000199::0000199,COL4A1-related brain small-vessel disease,inheritance,1,1,1,1.0,1.0,1,1,1,1.0,1,1,1,1.0,1,1,1,1.0,1,10
rag_bge_small_k10,bge_small,10,eval_0119,What causes Polycystic Kidney Disease ?,5_NIDDK_QA::0000167::0000167-2,5_NIDDK_QA::0000167::0000167-2,5_NIDDK_QA::0000167::0000167,5_NIDDK_QA::0000167::0000167,Polycystic Kidney Disease,causes,0,0,1,0.25,0.43067655807339306,0,0,1,0.25,1,1,1,1.0,1,1,1,1.0,1,10
rag_bge_small_k10,bge_small,10,eval_0120,Is X-linked dystonia-parkinsonism inherited ?,3_GHR_QA::0001051::0001051-4,3_GHR_QA::0001051::0001051-4,3_GHR_QA::0001051::0001051,3_GHR_QA::0001051::0001051,X-linked dystonia-parkinsonism,inheritance,1,1,1,1.0,1.0,1,1,1,1.0,1,1,1,1.0,1,1,1,1.0,1,10
rag_bge_small_k10,bge_small,10,eval_0121,What are the symptoms of Troyer syndrome ?,2_GARD_QA::0006224::0006224-2,2_GARD_QA::0006224::0006224-2,2_GARD_QA::0006224::0006224,2_GARD_QA::0006224::0006224,Troyer syndrome,symptoms,1,1,1,1.0,1.0,1,1,1,1.0,1,1,1,1.0,1,1,1,1.0,1,10
rag_bge_small_k10,bge_small,10,eval_0122,What are the treatments for Noonan syndrome 1 ?,2_GARD_QA::0004451::0004451-3,2_GARD_QA::0004451::0004451-3,2_GARD_QA::0004451::0004451,2_GARD_QA::0004451::0004451,Noonan syndrome 1,treatment,1,1,1,1.0,1.0,1,1,1,1.0,1,1,1,1.0,1,1,1,1.0,1,10
rag_bge_small_k10,bge_small,10,eval_0123,What is (are) Familial hemiplegic migraine ?,2_GARD_QA::0002254::0002254-1,2_GARD_QA::0002254::0002254-1|3_GHR_QA::0000351::0000351-1,2_GARD_QA::0002254::0002254,2_GARD_QA::0002254::0002254|3_GHR_QA::0000351::0000351,Familial hemiplegic migraine,information,1,1,1,1.0,0.9197207891481876,0,1,1,0.3333333333333333,1,1,1,1.0,1,1,1,1.0,2,10
rag_bge_small_k10,bge_small,10,eval_0124,What are the symptoms of Goodpasture Syndrome ?,5_NIDDK_QA::0000145::0000145-3,5_NIDDK_QA::0000145::0000145-3,5_NIDDK_QA::0000145::0000145,5_NIDDK_QA::0000145::0000145,Goodpasture Syndrome,symptoms,1,1,1,1.0,1.0,1,1,1,1.0,1,1,1,1.0,1,1,1,1.0,1,10
rag_bge_small_k10,bge_small,10,eval_0125,What are the symptoms of Multisystemic smooth muscle dysfunction syndrome ?,2_GARD_QA::0004212::0004212-2,2_GARD_QA::0004212::0004212-2,2_GARD_QA::0004212::0004212,2_GARD_QA::0004212::0004212,Multisystemic smooth muscle dysfunction syndrome,symptoms,1,1,1,1.0,1.0,1,1,1,1.0,1,1,1,1.0,1,1,1,1.0,1,10
rag_bge_small_k10,bge_small,10,eval_0126,What are the treatments for hereditary myopathy with early respiratory failure ?,3_GHR_QA::0000467::0000467-5,3_GHR_QA::0000467::0000467-5,3_GHR_QA::0000467::0000467,3_GHR_QA::0000467::0000467,hereditary myopathy with early respiratory failure,treatment,1,1,1,1.0,1.0,1,1,1,1.0,1,1,1,1.0,1,1,1,1.0,1,10
rag_bge_small_k10,bge_small,10,eval_0127,What are the genetic changes related to Brugada syndrome ?,3_GHR_QA::0000140::0000140-3,3_GHR_QA::0000140::0000140-3,3_GHR_QA::0000140::0000140,3_GHR_QA::0000140::0000140,Brugada syndrome,genetic changes,1,1,1,1.0,1.0,1,1,1,1.0,1,1,1,1.0,1,1,1,1.0,1,10
rag_bge_small_k10,bge_small,10,eval_0128,"What is (are) Parasites - Lice - Pubic ""Crab"" Lice ?",9_CDC_QA::0000339::0000339-1,9_CDC_QA::0000339::0000339-1,9_CDC_QA::0000339::0000339,9_CDC_QA::0000339::0000339,"Parasites - Lice - Pubic ""Crab"" Lice",information,1,1,1,1.0,1.0,1,1,1,1.0,1,1,1,1.0,1,1,1,1.0,1,10
rag_bge_small_k10,bge_small,10,eval_0129,What are the symptoms of Aniridia ?,2_GARD_QA::0000362::0000362-2,2_GARD_QA::0000362::0000362-2,2_GARD_QA::0000362::0000362,2_GARD_QA::0000362::0000362,Aniridia,symptoms,1,1,1,1.0,1.0,1,1,1,1.0,1,1,1,1.0,1,1,1,1.0,1,10
rag_bge_small_k10,bge_small,10,eval_0130,What are the symptoms of Hemifacial microsomia ?,2_GARD_QA::0002760::0002760-2,2_GARD_QA::0002760::0002760-2,2_GARD_QA::0002760::0002760,2_GARD_QA::0002760::0002760,Hemifacial microsomia,symptoms,1,1,1,1.0,1.0,1,1,1,1.0,1,1,1,1.0,1,1,1,1.0,1,10
rag_bge_small_k10,bge_small,10,eval_0131,Do you have information about Farm Health and Safety,4_MPlus_Health_Topics_QA::0000354::0000354-1,4_MPlus_Health_Topics_QA::0000354::0000354-1,4_MPlus_Health_Topics_QA::0000354::0000354,4_MPlus_Health_Topics_QA::0000354::0000354,Farm Health and Safety,information,1,1,1,1.0,1.0,1,1,1,1.0,1,1,1,1.0,1,1,1,1.0,1,10
rag_bge_small_k10,bge_small,10,eval_0132,What is (are) Legius syndrome ?,3_GHR_QA::0000590::0000590-1,3_GHR_QA::0000590::0000590-1,3_GHR_QA::0000590::0000590,3_GHR_QA::0000590::0000590,Legius syndrome,information,1,1,1,1.0,1.0,1,1,1,1.0,1,1,1,1.0,1,1,1,1.0,1,10
rag_bge_small_k10,bge_small,10,eval_0133,What is (are) Diabetic Retinopathy ?,7_SeniorHealth_QA::0000016::0000016-1,7_SeniorHealth_QA::0000016::0000016-1|7_SeniorHealth_QA::0000016::0000016-13|7_SeniorHealth_QA::0000016::0000016-17|7_SeniorHealth_QA::0000016::0000016-26|7_SeniorHealth_QA::0000016::0000016-6|7_SeniorHealth_QA::0000016::0000016-7,7_SeniorHealth_QA::0000016::0000016,7_SeniorHealth_QA::0000016::0000016,Diabetic Retinopathy,information,1,1,1,1.0,0.7409096387260823,1,1,1,1.0,1,1,1,1.0,1,1,1,1.0,6,10
rag_bge_small_k10,bge_small,10,eval_0134,Do you have information about Ozone,4_MPlus_Health_Topics_QA::0000677::0000677-1,4_MPlus_Health_Topics_QA::0000677::0000677-1,4_MPlus_Health_Topics_QA::0000677::0000677,4_MPlus_Health_Topics_QA::0000677::0000677,Ozone,information,1,1,1,1.0,1.0,1,1,1,1.0,1,1,1,1.0,1,1,1,1.0,1,10
rag_bge_small_k10,bge_small,10,eval_0135,What is (are) Nance-Horan syndrome ?,2_GARD_QA::0004310::0004310-1,2_GARD_QA::0004310::0004310-1,2_GARD_QA::0004310::0004310,2_GARD_QA::0004310::0004310,Nance-Horan syndrome,information,1,1,1,1.0,1.0,1,1,1,1.0,1,1,1,1.0,1,1,1,1.0,1,10
rag_bge_small_k10,bge_small,10,eval_0136,What are the treatments for Postural orthostatic tachycardia syndrome ?,2_GARD_QA::0005004::0005004-6,2_GARD_QA::0005004::0005004-6,2_GARD_QA::0005004::0005004,2_GARD_QA::0005004::0005004,Postural orthostatic tachycardia syndrome,treatment,0,1,1,0.5,0.6309297535714575,0,1,1,0.5,0,1,1,0.5,0,1,1,0.5,1,10
rag_bge_small_k10,bge_small,10,eval_0137,How many people are affected by Bart-Pumphrey syndrome ?,3_GHR_QA::0000109::0000109-2,3_GHR_QA::0000109::0000109-2,3_GHR_QA::0000109::0000109,3_GHR_QA::0000109::0000109,Bart-Pumphrey syndrome,frequency,1,1,1,1.0,1.0,1,1,1,1.0,1,1,1,1.0,1,1,1,1.0,1,10
rag_bge_small_k10,bge_small,10,eval_0138,What are the genetic changes related to osteoporosis-pseudoglioma syndrome ?,3_GHR_QA::0000760::0000760-3,3_GHR_QA::0000760::0000760-3,3_GHR_QA::0000760::0000760,3_GHR_QA::0000760::0000760,osteoporosis-pseudoglioma syndrome,genetic changes,1,1,1,1.0,1.0,1,1,1,1.0,1,1,1,1.0,1,1,1,1.0,1,10
rag_bge_small_k10,bge_small,10,eval_0139,Is 22q13.3 deletion syndrome inherited ?,3_GHR_QA::0001086::0001086-4,3_GHR_QA::0001086::0001086-4,3_GHR_QA::0001086::0001086,3_GHR_QA::0001086::0001086,22q13.3 deletion syndrome,inheritance,1,1,1,1.0,1.0,1,1,1,1.0,1,1,1,1.0,1,1,1,1.0,1,10
rag_bge_small_k10,bge_small,10,eval_0140,What are the treatments for Progressive Supranuclear Palsy ?,6_NINDS_QA::0000242::0000242-2,3_GHR_QA::0000832::0000832-5|6_NINDS_QA::0000242::0000242-2,6_NINDS_QA::0000242::0000242,3_GHR_QA::0000832::0000832|6_NINDS_QA::0000242::0000242,Progressive Supranuclear Palsy,treatment,1,1,1,1.0,1.0,1,1,1,1.0,1,1,1,1.0,1,1,1,1.0,2,10
rag_bge_small_k10,bge_small,10,eval_0141,How many people are affected by Sotos syndrome ?,3_GHR_QA::0000923::0000923-2,3_GHR_QA::0000923::0000923-2,3_GHR_QA::0000923::0000923,3_GHR_QA::0000923::0000923,Sotos syndrome,frequency,1,1,1,1.0,1.0,1,1,1,1.0,1,1,1,1.0,1,1,1,1.0,1,10
rag_bge_small_k10,bge_small,10,eval_0142,Is Neutral lipid storage disease with myopathy inherited ?,2_GARD_QA::0004401::0004401-4,2_GARD_QA::0004401::0004401-4|3_GHR_QA::0000729::0000729-4,2_GARD_QA::0004401::0004401,2_GARD_QA::0004401::0004401|3_GHR_QA::0000729::0000729,Neutral lipid storage disease with myopathy,inheritance,1,1,1,1.0,1.0,0,1,1,0.5,1,1,1,1.0,1,1,1,1.0,2,10
rag_bge_small_k10,bge_small,10,eval_0143,Is Costeff syndrome inherited ?,3_GHR_QA::0000244::0000244-4,3_GHR_QA::0000244::0000244-4,3_GHR_QA::0000244::0000244,3_GHR_QA::0000244::0000244,Costeff syndrome,inheritance,1,1,1,1.0,1.0,1,1,1,1.0,1,1,1,1.0,1,1,1,1.0,1,10
rag_bge_small_k10,bge_small,10,eval_0144,What are the symptoms of Lymphomatoid papulosis ?,2_GARD_QA::0003715::0003715-2,2_GARD_QA::0003715::0003715-2,2_GARD_QA::0003715::0003715,2_GARD_QA::0003715::0003715,Lymphomatoid papulosis,symptoms,1,1,1,1.0,1.0,1,1,1,1.0,1,1,1,1.0,1,1,1,1.0,1,10
rag_bge_small_k10,bge_small,10,eval_0145,What is (are) Mitochondrial genetic disorders ?,2_GARD_QA::0004086::0004086-1,2_GARD_QA::0004086::0004086-1,2_GARD_QA::0004086::0004086,2_GARD_QA::0004086::0004086,Mitochondrial genetic disorders,information,1,1,1,1.0,1.0,1,1,1,1.0,1,1,1,1.0,1,1,1,1.0,1,10
rag_bge_small_k10,bge_small,10,eval_0146,What causes Pontocerebellar hypoplasia type 1 ?,2_GARD_QA::0004971::0004971-3,2_GARD_QA::0004971::0004971-3,2_GARD_QA::0004971::0004971,2_GARD_QA::0004971::0004971,Pontocerebellar hypoplasia type 1,causes,0,1,1,0.5,0.6309297535714575,0,1,1,0.5,1,1,1,1.0,1,1,1,1.0,1,10
rag_bge_small_k10,bge_small,10,eval_0147,how is rabies diagnosed?,9_CDC_QA::0000342::0000342-6,9_CDC_QA::0000342::0000342-6,9_CDC_QA::0000342::0000342,9_CDC_QA::0000342::0000342,Rabies,exams and tests,1,1,1,1.0,1.0,1,1,1,1.0,1,1,1,1.0,1,1,1,1.0,1,10
rag_bge_small_k10,bge_small,10,eval_0148,What causes Wilson Disease ?,5_NIDDK_QA::0000133::0000133-3,2_GARD_QA::0006449::0006449-3|5_NIDDK_QA::0000133::0000133-3,5_NIDDK_QA::0000133::0000133,2_GARD_QA::0006449::0006449|5_NIDDK_QA::0000133::0000133,Wilson Disease,causes,1,1,1,1.0,0.9197207891481876,0,1,1,0.3333333333333333,1,1,1,1.0,1,1,1,1.0,2,10
rag_bge_small_k10,bge_small,10,eval_0149,Is Romano-Ward syndrome inherited ?,3_GHR_QA::0000883::0000883-4,3_GHR_QA::0000883::0000883-4,3_GHR_QA::0000883::0000883,3_GHR_QA::0000883::0000883,Romano-Ward syndrome,inheritance,1,1,1,1.0,1.0,1,1,1,1.0,1,1,1,1.0,1,1,1,1.0,1,10
rag_bge_small_k10,bge_small,10,eval_0150,Who is at risk for Osteoporosis? ?,7_SeniorHealth_QA::0000050::0000050-15,7_SeniorHealth_QA::0000050::0000050-13|7_SeniorHealth_QA::0000050::0000050-14|7_SeniorHealth_QA::0000050::0000050-15|7_SeniorHealth_QA::0000050::0000050-16|7_SeniorHealth_QA::0000050::0000050-19|7_SeniorHealth_QA::0000050::0000050-2,7_SeniorHealth_QA::0000050::0000050,7_SeniorHealth_QA::0000050::0000050,Osteoporosis,susceptibility,1,1,1,1.0,1.0,0,0,1,0.2,1,1,1,1.0,1,1,1,1.0,6,10
rag_bge_small_k10,bge_small,10,eval_0151,How many people are affected by metatropic dysplasia ?,3_GHR_QA::0000648::0000648-2,3_GHR_QA::0000648::0000648-2,3_GHR_QA::0000648::0000648,3_GHR_QA::0000648::0000648,metatropic dysplasia,frequency,1,1,1,1.0,1.0,1,1,1,1.0,1,1,1,1.0,1,1,1,1.0,1,10
rag_bge_small_k10,bge_small,10,eval_0152,Who is at risk for Breast Cancer? ?,7_SeniorHealth_QA::0000008::0000008-13,1_CancerGov_QA::0000027_1::0000027_1-2|1_CancerGov_QA::0000027_3::0000027_3-2|1_CancerGov_QA::0000027_4::0000027_4-3|1_CancerGov_QA::0000027_5::0000027_5-2|7_SeniorHealth_QA::0000008::0000008-13|7_SeniorHealth_QA::0000008::0000008-16|7_SeniorHealth_QA::0000008::0000008-2|7_SeniorHealth_QA::0000008::0000008-26|7_SeniorHealth_QA::0000008::0000008-3,7_SeniorHealth_QA::0000008::0000008,1_CancerGov_QA::0000027_1::0000027_1|1_CancerGov_QA::0000027_3::0000027_3|1_CancerGov_QA::0000027_4::0000027_4|1_CancerGov_QA::0000027_5::0000027_5|7_SeniorHealth_QA::0000008::0000008,Breast Cancer,susceptibility,1,1,1,1.0,0.9292442392789194,0,1,1,0.3333333333333333,1,1,1,1.0,1,1,1,1.0,9,10
rag_bge_small_k10,bge_small,10,eval_0153,What are the symptoms of Mucopolysaccharidosis type IIID ?,2_GARD_QA::0004161::0004161-2,2_GARD_QA::0004161::0004161-2,2_GARD_QA::0004161::0004161,2_GARD_QA::0004161::0004161,Mucopolysaccharidosis type IIID,symptoms,1,1,1,1.0,1.0,1,1,1,1.0,1,1,1,1.0,1,1,1,1.0,1,10
rag_bge_small_k10,bge_small,10,eval_0154,How many people are affected by autosomal dominant hypocalcemia ?,3_GHR_QA::0000092::0000092-2,3_GHR_QA::0000092::0000092-2,3_GHR_QA::0000092::0000092,3_GHR_QA::0000092::0000092,autosomal dominant hypocalcemia,frequency,1,1,1,1.0,1.0,1,1,1,1.0,1,1,1,1.0,1,1,1,1.0,1,10
rag_bge_small_k10,bge_small,10,eval_0155,What are the symptoms of RHYNS syndrome ?,2_GARD_QA::0005370::0005370-1,2_GARD_QA::0005370::0005370-1,2_GARD_QA::0005370::0005370,2_GARD_QA::0005370::0005370,RHYNS syndrome,symptoms,1,1,1,1.0,1.0,1,1,1,1.0,1,1,1,1.0,1,1,1,1.0,1,10
rag_bge_small_k10,bge_small,10,eval_0156,What are the treatments for progressive familial intrahepatic cholestasis ?,3_GHR_QA::0000829::0000829-5,3_GHR_QA::0000829::0000829-5,3_GHR_QA::0000829::0000829,3_GHR_QA::0000829::0000829,progressive familial intrahepatic cholestasis,treatment,1,1,1,1.0,1.0,1,1,1,1.0,1,1,1,1.0,1,1,1,1.0,1,10
rag_bge_small_k10,bge_small,10,eval_0157,What are the symptoms of Tracheobronchomalacia ?,2_GARD_QA::0006138::0006138-2,2_GARD_QA::0006138::0006138-2,2_GARD_QA::0006138::0006138,2_GARD_QA::0006138::0006138,Tracheobronchomalacia,symptoms,1,1,1,1.0,1.0,1,1,1,1.0,1,1,1,1.0,1,1,1,1.0,1,10
rag_bge_small_k10,bge_small,10,eval_0158,What causes Proctitis ?,5_NIDDK_QA::0000119::0000119-3,5_NIDDK_QA::0000119::0000119-3|5_NIDDK_QA::0000119::0000119-4,5_NIDDK_QA::0000119::0000119,5_NIDDK_QA::0000119::0000119,Proctitis,causes,1,1,1,1.0,1.0,1,1,1,1.0,1,1,1,1.0,1,1,1,1.0,2,10
rag_bge_small_k10,bge_small,10,eval_0159,How many people are affected by hereditary diffuse gastric cancer ?,3_GHR_QA::0000458::0000458-2,3_GHR_QA::0000458::0000458-2,3_GHR_QA::0000458::0000458,3_GHR_QA::0000458::0000458,hereditary diffuse gastric cancer,frequency,1,1,1,1.0,1.0,1,1,1,1.0,1,1,1,1.0,1,1,1,1.0,1,10
rag_bge_small_k10,bge_small,10,eval_0160,"What causes Ehlers-Danlos syndrome, progeroid type ?",2_GARD_QA::0002061::0002061-3,2_GARD_QA::0002061::0002061-3,2_GARD_QA::0002061::0002061,2_GARD_QA::0002061::0002061,"Ehlers-Danlos syndrome, progeroid type",causes,1,1,1,1.0,1.0,1,1,1,1.0,1,1,1,1.0,1,1,1,1.0,1,10
rag_bge_small_k10,bge_small,10,eval_0161,What are the symptoms of Sarcoidosis ?,8_NHLBI_QA_XML::0000116::0000116-4,2_GARD_QA::0005471::0005471-2|8_NHLBI_QA_XML::0000116::0000116-4,8_NHLBI_QA_XML::0000116::0000116,2_GARD_QA::0005471::0005471|8_NHLBI_QA_XML::0000116::0000116,Sarcoidosis,symptoms,1,1,1,1.0,1.0,0,1,1,0.5,1,1,1,1.0,1,1,1,1.0,2,10
rag_bge_small_k10,bge_small,10,eval_0162,How many people are affected by atypical hemolytic-uremic syndrome ?,3_GHR_QA::0000085::0000085-2,3_GHR_QA::0000085::0000085-2,3_GHR_QA::0000085::0000085,3_GHR_QA::0000085::0000085,atypical hemolytic-uremic syndrome,frequency,1,1,1,1.0,1.0,1,1,1,1.0,1,1,1,1.0,1,1,1,1.0,1,10
rag_bge_small_k10,bge_small,10,eval_0163,What are the treatments for Ghosal hematodiaphyseal dysplasia ?,3_GHR_QA::0000404::0000404-5,3_GHR_QA::0000404::0000404-5,3_GHR_QA::0000404::0000404,3_GHR_QA::0000404::0000404,Ghosal hematodiaphyseal dysplasia,treatment,1,1,1,1.0,1.0,1,1,1,1.0,1,1,1,1.0,1,1,1,1.0,1,10
rag_bge_small_k10,bge_small,10,eval_0164,What is (are) Diabetes mellitus type 1 ?,2_GARD_QA::0001824::0001824-1,2_GARD_QA::0001824::0001824-1,2_GARD_QA::0001824::0001824,2_GARD_QA::0001824::0001824,Diabetes mellitus type 1,information,0,1,1,0.5,0.6309297535714575,0,1,1,0.5,0,1,1,0.5,0,1,1,0.5,1,10
rag_bge_small_k10,bge_small,10,eval_0165,What is (are) glucose-6-phosphate dehydrogenase deficiency ?,3_GHR_QA::0000413::0000413-1,2_GARD_QA::0002595::0002595-1|3_GHR_QA::0000413::0000413-1,3_GHR_QA::0000413::0000413,2_GARD_QA::0002595::0002595|3_GHR_QA::0000413::0000413,glucose-6-phosphate dehydrogenase deficiency,information,1,1,1,1.0,1.0,1,1,1,1.0,1,1,1,1.0,1,1,1,1.0,2,10
rag_bge_small_k10,bge_small,10,eval_0166,What are the treatments for Factor XIII deficiency ?,2_GARD_QA::0002222::0002222-3,2_GARD_QA::0002222::0002222-3|3_GHR_QA::0000338::0000338-5,2_GARD_QA::0002222::0002222,2_GARD_QA::0002222::0002222|3_GHR_QA::0000338::0000338,Factor XIII deficiency,treatment,1,1,1,1.0,1.0,1,1,1,1.0,1,1,1,1.0,1,1,1,1.0,2,10
rag_bge_small_k10,bge_small,10,eval_0167,What are the symptoms of Spastic paraplegia 2 ?,2_GARD_QA::0005709::0005709-1,2_GARD_QA::0005709::0005709-1,2_GARD_QA::0005709::0005709,2_GARD_QA::0005709::0005709,Spastic paraplegia 2,symptoms,1,1,1,1.0,1.0,1,1,1,1.0,1,1,1,1.0,1,1,1,1.0,1,10
rag_bge_small_k10,bge_small,10,eval_0168,"What are the treatments for Crigler Najjar syndrome, type 2 ?",2_GARD_QA::0001666::0001666-3,2_GARD_QA::0001666::0001666-3,2_GARD_QA::0001666::0001666,2_GARD_QA::0001666::0001666,"Crigler Najjar syndrome, type 2",treatment,1,1,1,1.0,1.0,1,1,1,1.0,1,1,1,1.0,1,1,1,1.0,1,10
rag_bge_small_k10,bge_small,10,eval_0169,What are the symptoms of Gupta Patton syndrome ?,2_GARD_QA::0002699::0002699-1,2_GARD_QA::0002699::0002699-1,2_GARD_QA::0002699::0002699,2_GARD_QA::0002699::0002699,Gupta Patton syndrome,symptoms,1,1,1,1.0,1.0,1,1,1,1.0,1,1,1,1.0,1,1,1,1.0,1,10
rag_bge_small_k10,bge_small,10,eval_0170,How to diagnose Multiple myeloma ?,2_GARD_QA::0004199::0004199-4,2_GARD_QA::0004199::0004199-4,2_GARD_QA::0004199::0004199,2_GARD_QA::0004199::0004199,Multiple myeloma,exams and tests,0,1,1,0.5,0.6309297535714575,0,1,1,0.5,0,1,1,0.5,0,1,1,0.5,1,10
rag_bge_small_k10,bge_small,10,eval_0171,What are the genetic changes related to RAPADILINO syndrome ?,3_GHR_QA::0000858::0000858-3,3_GHR_QA::0000858::0000858-3,3_GHR_QA::0000858::0000858,3_GHR_QA::0000858::0000858,RAPADILINO syndrome,genetic changes,1,1,1,1.0,1.0,1,1,1,1.0,1,1,1,1.0,1,1,1,1.0,1,10
rag_bge_small_k10,bge_small,10,eval_0172,Who is at risk for Childhood Soft Tissue Sarcoma? ?,1_CancerGov_QA::0000003_5::0000003_5-2,1_CancerGov_QA::0000003_5::0000003_5-2,1_CancerGov_QA::0000003_5::0000003_5,1_CancerGov_QA::0000003_5::0000003_5,Childhood Soft Tissue Sarcoma,susceptibility,1,1,1,1.0,1.0,1,1,1,1.0,1,1,1,1.0,1,1,1,1.0,1,10
rag_bge_small_k10,bge_small,10,eval_0173,What is (are) Angelman syndrome ?,3_GHR_QA::0000058::0000058-1,2_GARD_QA::0000347::0000347-1|3_GHR_QA::0000058::0000058-1|6_NINDS_QA::0000021::0000021-1,3_GHR_QA::0000058::0000058,2_GARD_QA::0000347::0000347|3_GHR_QA::0000058::0000058|6_NINDS_QA::0000021::0000021,Angelman syndrome,information,1,1,1,1.0,1.0,0,1,1,0.5,1,1,1,1.0,1,1,1,1.0,3,10
rag_bge_small_k10,bge_small,10,eval_0174,"What are the treatments for Epidermolysis bullosa simplex, generalized ?",2_GARD_QA::0002126::0002126-3,2_GARD_QA::0002126::0002126-3,2_GARD_QA::0002126::0002126,2_GARD_QA::0002126::0002126,"Epidermolysis bullosa simplex, generalized",treatment,1,1,1,1.0,1.0,1,1,1,1.0,1,1,1,1.0,1,1,1,1.0,1,10
rag_bge_small_k10,bge_small,10,eval_0175,What are the symptoms of Hypertrichosis lanuginosa congenita ?,2_GARD_QA::0003027::0003027-2,2_GARD_QA::0003027::0003027-2,2_GARD_QA::0003027::0003027,2_GARD_QA::0003027::0003027,Hypertrichosis lanuginosa congenita,symptoms,1,1,1,1.0,1.0,1,1,1,1.0,1,1,1,1.0,1,1,1,1.0,1,10
rag_bge_small_k10,bge_small,10,eval_0176,Is cyclic neutropenia inherited ?,3_GHR_QA::0000260::0000260-4,3_GHR_QA::0000260::0000260-4,3_GHR_QA::0000260::0000260,3_GHR_QA::0000260::0000260,cyclic neutropenia,inheritance,1,1,1,1.0,1.0,1,1,1,1.0,1,1,1,1.0,1,1,1,1.0,1,10
rag_bge_small_k10,bge_small,10,eval_0177,What are the symptoms of Retinal cone dystrophy 4 ?,2_GARD_QA::0005326::0005326-1,2_GARD_QA::0005326::0005326-1,2_GARD_QA::0005326::0005326,2_GARD_QA::0005326::0005326,Retinal cone dystrophy 4,symptoms,1,1,1,1.0,1.0,1,1,1,1.0,1,1,1,1.0,1,1,1,1.0,1,10
rag_bge_small_k10,bge_small,10,eval_0178,What are the genetic changes related to osteogenesis imperfecta ?,3_GHR_QA::0000757::0000757-3,3_GHR_QA::0000757::0000757-3,3_GHR_QA::0000757::0000757,3_GHR_QA::0000757::0000757,osteogenesis imperfecta,genetic changes,1,1,1,1.0,1.0,1,1,1,1.0,1,1,1,1.0,1,1,1,1.0,1,10
rag_bge_small_k10,bge_small,10,eval_0179,How to diagnose Neonatal progeroid syndrome ?,2_GARD_QA::0004337::0004337-5,2_GARD_QA::0004337::0004337-5,2_GARD_QA::0004337::0004337,2_GARD_QA::0004337::0004337,Neonatal progeroid syndrome,exams and tests,1,1,1,1.0,1.0,1,1,1,1.0,1,1,1,1.0,1,1,1,1.0,1,10
rag_bge_small_k10,bge_small,10,eval_0180,Where to find support for people with Alcohol Use and Older Adults ?,7_SeniorHealth_QA::0000002::0000002-29,7_SeniorHealth_QA::0000002::0000002-29,7_SeniorHealth_QA::0000002::0000002,7_SeniorHealth_QA::0000002::0000002,Alcohol Use and Older Adults,support groups,1,1,1,1.0,1.0,1,1,1,1.0,1,1,1,1.0,1,1,1,1.0,1,10
rag_bge_small_k10,bge_small,10,eval_0181,What is (are) Ollier disease ?,2_GARD_QA::0004532::0004532-1,2_GARD_QA::0004532::0004532-1|3_GHR_QA::0000750::0000750-1,2_GARD_QA::0004532::0004532,2_GARD_QA::0004532::0004532|3_GHR_QA::0000750::0000750,Ollier disease,information,1,1,1,1.0,1.0,1,1,1,1.0,1,1,1,1.0,1,1,1,1.0,2,10
rag_bge_small_k10,bge_small,10,eval_0182,What is (are) allergic asthma ?,3_GHR_QA::0000037::0000037-1,3_GHR_QA::0000037::0000037-1,3_GHR_QA::0000037::0000037,3_GHR_QA::0000037::0000037,allergic asthma,information,1,1,1,1.0,1.0,1,1,1,1.0,1,1,1,1.0,1,1,1,1.0,1,10
rag_bge_small_k10,bge_small,10,eval_0183,What are the treatments for Sjgren's Syndrome ?,6_NINDS_QA::0000253::0000253-2,6_NINDS_QA::0000253::0000253-2,6_NINDS_QA::0000253::0000253,6_NINDS_QA::0000253::0000253,Sjgren's Syndrome,treatment,1,1,1,1.0,1.0,1,1,1,1.0,1,1,1,1.0,1,1,1,1.0,1,10
rag_bge_small_k10,bge_small,10,eval_0184,What is (are) Miyoshi myopathy ?,3_GHR_QA::0000666::0000666-1,3_GHR_QA::0000666::0000666-1,3_GHR_QA::0000666::0000666,3_GHR_QA::0000666::0000666,Miyoshi myopathy,information,1,1,1,1.0,1.0,1,1,1,1.0,1,1,1,1.0,1,1,1,1.0,1,10
rag_bge_small_k10,bge_small,10,eval_0185,How to diagnose Mntriers Disease ?,5_NIDDK_QA::0000115::0000115-5,5_NIDDK_QA::0000115::0000115-5,5_NIDDK_QA::0000115::0000115,5_NIDDK_QA::0000115::0000115,Mntriers Disease,exams and tests,1,1,1,1.0,1.0,1,1,1,1.0,1,1,1,1.0,1,1,1,1.0,1,10
rag_bge_small_k10,bge_small,10,eval_0186,What are the genetic changes related to MYH9-related disorder ?,3_GHR_QA::0000700::0000700-3,3_GHR_QA::0000700::0000700-3,3_GHR_QA::0000700::0000700,3_GHR_QA::0000700::0000700,MYH9-related disorder,genetic changes,1,1,1,1.0,1.0,1,1,1,1.0,1,1,1,1.0,1,1,1,1.0,1,10
rag_bge_small_k10,bge_small,10,eval_0187,Is Hypokalemic periodic paralysis inherited ?,2_GARD_QA::0003059::0003059-4,2_GARD_QA::0003059::0003059-4|3_GHR_QA::0000505::0000505-4,2_GARD_QA::0003059::0003059,2_GARD_QA::0003059::0003059|3_GHR_QA::0000505::0000505,Hypokalemic periodic paralysis,inheritance,1,1,1,1.0,1.0,1,1,1,1.0,1,1,1,1.0,1,1,1,1.0,2,10
rag_bge_small_k10,bge_small,10,eval_0188,What are the symptoms of Peyronie disease ?,2_GARD_QA::0004834::0004834-2,2_GARD_QA::0004834::0004834-2,2_GARD_QA::0004834::0004834,2_GARD_QA::0004834::0004834,Peyronie disease,symptoms,0,1,1,0.5,0.6309297535714575,0,1,1,0.5,0,1,1,0.5,0,1,1,0.5,1,10
rag_bge_small_k10,bge_small,10,eval_0189,What is (are) Asthma ?,2_GARD_QA::0000491::0000491-1,2_GARD_QA::0000491::0000491-1|4_MPlus_Health_Topics_QA::0000065::0000065-1|8_NHLBI_QA_XML::0000010::0000010-1,2_GARD_QA::0000491::0000491,2_GARD_QA::0000491::0000491|4_MPlus_Health_Topics_QA::0000065::0000065|8_NHLBI_QA_XML::0000010::0000010,Asthma,information,1,1,1,1.0,0.9060254355346823,1,1,1,1.0,1,1,1,1.0,1,1,1,1.0,3,10
rag_bge_small_k10,bge_small,10,eval_0190,What are the treatments for Iniencephaly ?,6_NINDS_QA::0000164::0000164-2,6_NINDS_QA::0000164::0000164-2,6_NINDS_QA::0000164::0000164,6_NINDS_QA::0000164::0000164,Iniencephaly,treatment,1,1,1,1.0,1.0,1,1,1,1.0,1,1,1,1.0,1,1,1,1.0,1,10
rag_bge_small_k10,bge_small,10,eval_0191,What are the treatments for Cerebral Hypoxia ?,6_NINDS_QA::0000023::0000023-2,6_NINDS_QA::0000023::0000023-2,6_NINDS_QA::0000023::0000023,6_NINDS_QA::0000023::0000023,Cerebral Hypoxia,treatment,1,1,1,1.0,1.0,1,1,1,1.0,1,1,1,1.0,1,1,1,1.0,1,10
rag_bge_small_k10,bge_small,10,eval_0192,What are the treatments for Trichotillomania ?,2_GARD_QA::0006192::0006192-3,2_GARD_QA::0006192::0006192-3,2_GARD_QA::0006192::0006192,2_GARD_QA::0006192::0006192,Trichotillomania,treatment,1,1,1,1.0,1.0,1,1,1,1.0,1,1,1,1.0,1,1,1,1.0,1,10
rag_bge_small_k10,bge_small,10,eval_0193,Is hypokalemic periodic paralysis inherited ?,3_GHR_QA::0000505::0000505-4,2_GARD_QA::0003059::0003059-4|3_GHR_QA::0000505::0000505-4,3_GHR_QA::0000505::0000505,2_GARD_QA::0003059::0003059|3_GHR_QA::0000505::0000505,hypokalemic periodic paralysis,inheritance,1,1,1,1.0,1.0,0,1,1,0.5,1,1,1,1.0,1,1,1,1.0,2,10
rag_bge_small_k10,bge_small,10,eval_0194,What are the treatments for Cardiomyopathy ?,8_NHLBI_QA_XML::0000029::0000029-8,8_NHLBI_QA_XML::0000029::0000029-8,8_NHLBI_QA_XML::0000029::0000029,8_NHLBI_QA_XML::0000029::0000029,Cardiomyopathy,treatment,1,1,1,1.0,1.0,1,1,1,1.0,1,1,1,1.0,1,1,1,1.0,1,10
rag_bge_small_k10,bge_small,10,eval_0195,Is RAPADILINO syndrome inherited ?,3_GHR_QA::0000858::0000858-4,3_GHR_QA::0000858::0000858-4,3_GHR_QA::0000858::0000858,3_GHR_QA::0000858::0000858,RAPADILINO syndrome,inheritance,1,1,1,1.0,1.0,1,1,1,1.0,1,1,1,1.0,1,1,1,1.0,1,10
rag_bge_small_k10,bge_small,10,eval_0196,What is (are) Kidney Stones in Adults ?,5_NIDDK_QA::0000203::0000203-2,5_NIDDK_QA::0000203::0000203-1|5_NIDDK_QA::0000203::0000203-2|5_NIDDK_QA::0000203::0000203-5,5_NIDDK_QA::0000203::0000203,5_NIDDK_QA::0000203::0000203,Kidney Stones in Adults,information,1,1,1,1.0,0.8854598815714874,0,1,1,0.3333333333333333,1,1,1,1.0,1,1,1,1.0,3,10
rag_bge_small_k10,bge_small,10,eval_0197,What to do for Biliary Atresia ?,5_NIDDK_QA::0000183::0000183-10,5_NIDDK_QA::0000183::0000183-10|5_NIDDK_QA::0000183::0000183-9,5_NIDDK_QA::0000183::0000183,5_NIDDK_QA::0000183::0000183,Biliary Atresia,considerations,1,1,1,1.0,1.0,1,1,1,1.0,1,1,1,1.0,1,1,1,1.0,2,10
rag_bge_small_k10,bge_small,10,eval_0198,What are the treatments for Cataract ?,7_SeniorHealth_QA::0000009::0000009-15,7_SeniorHealth_QA::0000009::0000009-15|7_SeniorHealth_QA::0000009::0000009-5,7_SeniorHealth_QA::0000009::0000009,7_SeniorHealth_QA::0000009::0000009,Cataract,treatment,1,1,1,1.0,1.0,1,1,1,1.0,1,1,1,1.0,1,1,1,1.0,2,10
rag_bge_small_k10,bge_small,10,eval_0199,What is (are) Infections and Pregnancy ?,4_MPlus_Health_Topics_QA::0000510::0000510-1,4_MPlus_Health_Topics_QA::0000510::0000510-1,4_MPlus_Health_Topics_QA::0000510::0000510,4_MPlus_Health_Topics_QA::0000510::0000510,Infections and Pregnancy,information,1,1,1,1.0,1.0,1,1,1,1.0,1,1,1,1.0,1,1,1,1.0,1,10
rag_bge_small_k10,bge_small,10,eval_0200,What are the genetic changes related to autoimmune Addison disease ?,3_GHR_QA::0000087::0000087-3,3_GHR_QA::0000087::0000087-3,3_GHR_QA::0000087::0000087,3_GHR_QA::0000087::0000087,autoimmune Addison disease,genetic changes,1,1,1,1.0,1.0,1,1,1,1.0,1,1,1,1.0,1,1,1,1.0,1,10
